customer_id,cohort_month,first_order_date,last_order_date,days_since_last_order,total_orders,orders_last_90d,orders_last_30d,total_revenue,avg_order_value,return_rate,acquisition_channel,acquisition_campaign,cac,ltv_12m,ltv_cac_ratio,discount_orders_share,avg_discount_pct,discount_dependency_index,top_category,price_band_preference,lifecycle_stage,active_30d,active_90d,churn_flag,email_opt_in,region,r_score,f_score,m_score
C0001,5/1/2025,5/10/2025,9/22/2025,40,3,3,0,342.11,114.04,0.054,Referral,Referral_VIP,14.75,347.19,23.54,0.011,0.164,0.002,Supplements,High,Active,FALSE,TRUE,FALSE,TRUE,UK,5,3,5
C0002,5/1/2023,5/2/2023,11/17/2023,715,1,0,0,49.6,49.6,0.064,Meta Ads,Meta_BF_Sale,18.99,41.28,2.17,0.242,0.209,0.051,Supplements,Mid,Churned,FALSE,FALSE,TRUE,TRUE,AU,1,1,1
C0003,4/1/2024,4/11/2024,1/9/2025,296,2,0,0,80.73,40.36,0.08,Organic,SEO_Landing,10.2,94.37,9.25,0.119,0.234,0.028,Supplements,Mid,Churned,FALSE,FALSE,TRUE,FALSE,EU_Other,3,2,2
C0004,11/1/2023,11/27/2023,8/1/2024,457,6,0,0,180.77,30.13,0.052,Google Ads,Generic_Search,21.8,176.37,8.09,0.422,0.14,0.059,Accessories,Low,Churned,FALSE,FALSE,TRUE,TRUE,EU_Other,2,5,4
C0005,3/1/2023,3/29/2023,11/5/2023,727,1,0,0,65.41,65.41,0.061,Referral,Referral_Program,5.46,74.34,13.62,0.385,0.211,0.081,Supplements,Mid,Churned,FALSE,FALSE,TRUE,TRUE,EU_Other,1,1,2
C0006,5/1/2025,5/21/2025,8/20/2025,73,2,2,0,239.6,119.8,0.061,Influencer,IG_Influencer_Spring,40.31,121.67,3.02,0.709,0.254,0.18,Skincare,High,Active,FALSE,TRUE,FALSE,FALSE,US,4,2,4
C0007,5/1/2023,5/11/2023,4/12/2024,568,2,0,0,100.44,50.22,0.106,Influencer,IG_Influencer_Spring,48.5,81.04,1.67,0.733,0.203,0.149,Home Decor,Mid,Churned,FALSE,FALSE,TRUE,TRUE,IN,2,2,2
C0008,2/1/2025,2/8/2025,10/20/2025,12,2,1,1,384.32,192.16,0.067,Google Ads,Generic_Search,41.71,302.4,7.25,0.272,0.066,0.018,Home Decor,Premium,Active,TRUE,TRUE,FALSE,TRUE,EU_Other,5,2,5
C0009,12/1/2023,12/10/2023,6/6/2024,513,3,0,0,152.46,50.82,0.182,Google Ads,Shopping_Campaign,38.18,139.78,3.66,0.109,0.157,0.017,Apparel,Mid,Churned,FALSE,FALSE,TRUE,TRUE,AU,2,3,3
C0010,3/1/2025,3/16/2025,6/25/2025,129,7,0,0,182.92,26.13,0.171,Meta Ads,Meta_BF_Sale,29.85,217.18,7.28,0.333,0.166,0.055,Apparel,Low,At-risk,FALSE,FALSE,FALSE,FALSE,UK,4,5,4
C0011,1/1/2024,1/21/2024,8/3/2024,455,1,0,0,82.31,82.31,0.089,Meta Ads,Meta_BF_Sale,23.51,70.72,3.01,0.255,0.271,0.069,Home Decor,High,Churned,FALSE,FALSE,TRUE,TRUE,EU_Other,2,1,2
C0012,8/1/2025,8/13/2025,9/30/2025,32,1,1,0,58.19,58.19,0.076,Influencer,IG_Influencer_Spring,43.84,50.65,1.16,0.828,0.332,0.275,Skincare,Mid,Active,FALSE,TRUE,FALSE,TRUE,EU_Other,5,1,2
C0013,10/1/2023,10/4/2023,4/15/2024,565,1,0,0,22.37,22.37,0.155,Influencer,TikTok_Creator_Summer,44.84,10.99,0.25,0.646,0.26,0.168,Accessories,Low,Churned,FALSE,FALSE,TRUE,FALSE,EU_Other,2,1,1
C0014,4/1/2024,4/4/2024,10/20/2024,377,6,0,0,198.14,33.02,0.138,Referral,Referral_Program,19.81,243.11,12.27,0.342,0.175,0.06,Accessories,Low,Churned,FALSE,FALSE,TRUE,TRUE,US,2,5,4
C0015,1/1/2023,1/22/2023,2/28/2024,612,3,0,0,168.41,56.14,0.094,Referral,Referral_VIP,5.6,193.81,34.61,0.124,0.331,0.041,Skincare,Mid,Churned,FALSE,FALSE,TRUE,TRUE,EU_Other,1,3,4
C0016,9/1/2023,9/10/2023,1/2/2024,669,1,0,0,32.92,32.92,0.102,Organic,Direct_Organic,13.01,42.33,3.25,0.155,0.199,0.031,Accessories,Low,Churned,FALSE,FALSE,TRUE,TRUE,AU,1,1,1
C0017,1/1/2025,1/17/2025,5/28/2025,157,5,0,0,269.86,53.97,0.027,Influencer,IG_Influencer_Spring,53.15,144.85,2.73,0.489,0.082,0.04,Supplements,Mid,At-risk,FALSE,FALSE,FALSE,TRUE,CA,4,4,4
C0018,5/1/2025,5/6/2025,8/28/2025,65,5,1,0,490.12,98.02,0.135,Referral,Referral_VIP,11.58,568.47,49.09,0.337,0.234,0.079,Home Decor,High,Active,FALSE,TRUE,FALSE,TRUE,IN,4,5,5
C0019,4/1/2024,4/19/2024,7/27/2024,462,5,0,0,380.82,76.16,0.076,Influencer,IG_Influencer_Spring,59.01,339.47,5.75,0.563,0.108,0.061,Home Decor,Mid,Churned,FALSE,FALSE,TRUE,TRUE,EU_Other,2,5,5
C0020,5/1/2024,5/25/2024,10/12/2024,385,6,0,0,383.96,63.99,0.038,Meta Ads,Meta_Retargeting,24.73,389.56,15.75,0.422,0.225,0.095,Skincare,Mid,Churned,FALSE,FALSE,TRUE,TRUE,US,2,5,5
C0021,11/1/2024,11/30/2024,6/29/2025,125,1,0,0,45.16,45.16,0.084,Google Ads,Generic_Search,41.84,40.69,0.97,0.183,0.305,0.056,Accessories,Mid,At-risk,FALSE,FALSE,FALSE,FALSE,AU,4,1,1
C0022,9/1/2025,9/2/2025,9/30/2025,32,4,4,0,131.78,32.94,0.114,Meta Ads,Meta_Prospecting,33.01,119.01,3.61,0.234,0.157,0.037,Apparel,Low,Active,FALSE,TRUE,FALSE,TRUE,EU_Other,5,4,3
C0023,7/1/2023,7/9/2023,5/20/2024,530,2,0,0,37.8,18.9,0.265,Referral,Referral_VIP,11.33,48.4,4.27,0.272,0.132,0.036,Apparel,Low,Churned,FALSE,FALSE,TRUE,TRUE,US,2,2,1
C0024,8/1/2025,8/15/2025,10/8/2025,24,5,1,1,288.98,57.8,0.088,Organic,Direct_Organic,4.15,261.74,63.07,0.248,0.272,0.068,Accessories,Mid,Active,TRUE,TRUE,FALSE,TRUE,CA,5,5,4
C0025,11/1/2024,11/17/2024,6/20/2025,134,4,0,0,143.98,35.99,0.195,Meta Ads,Meta_BF_Sale,26.85,118.04,4.4,0.516,0.086,0.044,Apparel,Low,At-risk,FALSE,FALSE,FALSE,FALSE,UK,4,4,3
C0026,8/1/2025,8/15/2025,11/1/2025,0,4,1,1,151.98,37.99,0.014,Organic,SEO_Blog,13.69,173.22,12.65,0.042,0.136,0.006,Skincare,Mid,Active,TRUE,TRUE,FALSE,TRUE,EU_Other,5,4,3
C0027,7/1/2024,7/16/2024,2/13/2025,261,3,0,0,159.54,53.18,0.073,Organic,SEO_Landing,3.16,165.39,52.34,0.155,0.274,0.043,Skincare,Mid,Churned,FALSE,FALSE,TRUE,TRUE,AU,3,3,4
C0028,4/1/2025,4/11/2025,9/26/2025,36,1,1,0,29.95,29.95,0.1,Google Ads,Generic_Search,35.57,32.39,0.91,0.435,0.261,0.114,Accessories,Low,Active,FALSE,TRUE,FALSE,TRUE,US,5,1,1
C0029,10/1/2024,10/8/2024,3/16/2025,230,2,0,0,54.25,27.12,0.249,Meta Ads,Meta_Prospecting,27.63,63,2.28,0.571,0.272,0.155,Apparel,Low,Churned,FALSE,FALSE,TRUE,TRUE,US,3,2,1
C0030,1/1/2023,1/21/2023,7/12/2023,843,8,0,0,315.45,39.43,0.047,Organic,Direct_Organic,11,373.96,34,0.092,0.13,0.012,Skincare,Mid,Churned,FALSE,FALSE,TRUE,TRUE,EU_Other,1,5,5
C0031,4/1/2025,4/20/2025,10/27/2025,5,6,3,1,215.65,35.94,0.028,Google Ads,Shopping_Campaign,23.29,221.53,9.51,0.378,0.108,0.041,Skincare,Mid,Active,TRUE,TRUE,FALSE,TRUE,US,5,5,4
C0032,6/1/2023,6/16/2023,4/16/2024,564,1,0,0,72.85,72.85,0.046,Influencer,IG_Influencer_Spring,58.63,53.45,0.91,0.446,0.21,0.094,Supplements,Mid,Churned,FALSE,FALSE,TRUE,TRUE,UK,2,1,2
C0033,1/1/2024,1/23/2024,9/16/2024,411,1,0,0,100.04,100.04,0.019,Google Ads,Generic_Search,42.73,75.05,1.76,0.429,0.08,0.034,Supplements,High,Churned,FALSE,FALSE,TRUE,FALSE,US,2,1,2
C0034,8/1/2024,8/23/2024,3/26/2025,220,1,0,0,95.93,95.93,0.05,Influencer,TikTok_Creator_Summer,37.19,75.09,2.02,0.796,0.293,0.234,Skincare,High,Churned,FALSE,FALSE,TRUE,TRUE,IN,3,1,2
C0035,11/1/2023,11/12/2023,1/29/2024,642,4,0,0,153.05,38.26,0.098,Organic,Direct_Organic,3.56,150.61,42.31,0.145,0.067,0.01,Accessories,Low,Churned,FALSE,FALSE,TRUE,TRUE,IN,1,4,3
C0036,1/1/2023,1/14/2023,6/6/2023,879,5,0,0,506.11,101.22,0.169,Organic,Direct_Organic,14.57,520.98,35.76,0.052,0.262,0.014,Home Decor,High,Churned,FALSE,FALSE,TRUE,TRUE,US,1,5,5
C0037,8/1/2023,8/30/2023,10/19/2023,744,1,0,0,57.6,57.6,0.058,Influencer,TikTok_Creator_Summer,37.24,46.63,1.25,0.756,0.32,0.242,Home Decor,Mid,Churned,FALSE,FALSE,TRUE,FALSE,EU_Other,1,1,1
C0038,2/1/2025,2/15/2025,7/17/2025,107,2,0,0,106.3,53.15,0.072,Google Ads,Brand_Search,41.36,97.22,2.35,0.333,0.087,0.029,Skincare,Mid,At-risk,FALSE,FALSE,FALSE,TRUE,IN,4,2,2
C0039,7/1/2024,7/18/2024,2/12/2025,262,5,0,0,435.18,87.04,0.026,Meta Ads,Meta_Prospecting,24.85,497.84,20.03,0.249,0.266,0.066,Skincare,High,Churned,FALSE,FALSE,TRUE,FALSE,AU,3,5,5
C0040,6/1/2025,6/16/2025,9/7/2025,55,4,3,0,269.68,67.42,0.039,Meta Ads,Meta_Retargeting,19.94,238.72,11.97,0.274,0.149,0.041,Skincare,Mid,Active,FALSE,TRUE,FALSE,FALSE,IN,4,4,4
C0041,4/1/2023,4/2/2023,1/1/2024,670,2,0,0,59.08,29.54,0.112,Influencer,IG_Influencer_Spring,64.83,41.59,0.64,0.644,0.057,0.037,Accessories,Low,Churned,FALSE,FALSE,TRUE,TRUE,US,1,2,2
C0042,8/1/2025,8/13/2025,10/18/2025,14,3,1,1,173.79,57.93,0.074,Organic,SEO_Blog,6.68,162.24,24.29,0.075,0.172,0.013,Supplements,Mid,Active,TRUE,TRUE,FALSE,TRUE,EU_Other,5,3,4
C0043,5/1/2024,5/23/2024,9/20/2024,407,2,0,0,112.8,56.4,0.032,Organic,SEO_Landing,7.72,130.53,16.91,0.084,0.091,0.008,Skincare,Mid,Churned,FALSE,FALSE,TRUE,TRUE,CA,2,2,3
C0044,2/1/2025,2/14/2025,8/24/2025,69,1,1,0,110.64,110.64,0.018,Meta Ads,Meta_Prospecting,22.18,122.26,5.51,0.491,0.294,0.144,Skincare,High,Active,FALSE,TRUE,FALSE,TRUE,EU_Other,4,1,3
C0045,2/1/2023,2/4/2023,4/26/2023,920,3,0,0,184.87,61.62,0.164,Meta Ads,Meta_Prospecting,26.86,191.15,7.12,0.303,0.282,0.086,Apparel,Mid,Churned,FALSE,FALSE,TRUE,TRUE,EU_Other,1,3,4
C0046,7/1/2023,7/25/2023,9/22/2023,771,3,0,0,162.23,54.08,0.066,Meta Ads,Meta_Retargeting,18.27,147.06,8.05,0.354,0.202,0.072,Accessories,Mid,Churned,FALSE,FALSE,TRUE,TRUE,EU_Other,1,3,4
C0047,10/1/2025,10/22/2025,10/27/2025,5,5,2,1,579.22,115.84,0.022,Google Ads,Shopping_Campaign,29.78,412.72,13.86,0.442,0.275,0.122,Skincare,High,Active,TRUE,TRUE,FALSE,FALSE,AU,5,5,5
C0048,10/1/2025,10/18/2025,10/25/2025,7,3,3,1,160.07,53.36,0.215,Organic,SEO_Landing,14.54,151.71,10.43,0.242,0.091,0.022,Apparel,Mid,Active,TRUE,TRUE,FALSE,TRUE,UK,5,3,4
C0049,7/1/2024,7/19/2024,2/12/2025,262,4,0,0,471.79,117.95,0.058,Google Ads,Generic_Search,26.45,447.69,16.93,0.128,0.318,0.041,Home Decor,High,Churned,FALSE,FALSE,TRUE,FALSE,US,3,4,5
C0050,12/1/2024,12/3/2024,5/22/2025,163,1,0,0,83.55,83.55,0.013,Google Ads,Generic_Search,36.42,89.71,2.46,0.255,0.136,0.035,Skincare,Mid,At-risk,FALSE,FALSE,FALSE,TRUE,UK,4,1,2
C0051,2/1/2024,2/6/2024,9/16/2024,411,2,0,0,62.17,31.08,0.074,Referral,Referral_VIP,9.88,67.31,6.81,0.29,0.301,0.087,Skincare,Mid,Churned,FALSE,FALSE,TRUE,TRUE,CA,2,2,2
C0052,12/1/2024,12/30/2024,5/26/2025,159,1,0,0,53.38,53.38,0.172,Google Ads,Shopping_Campaign,39.34,53.06,1.35,0.445,0.145,0.064,Apparel,Mid,At-risk,FALSE,FALSE,FALSE,FALSE,UK,4,1,1
C0053,6/1/2023,6/11/2023,10/29/2023,734,1,0,0,46.02,46.02,0.069,Google Ads,Shopping_Campaign,23.27,48.16,2.07,0.441,0.062,0.027,Accessories,Mid,Churned,FALSE,FALSE,TRUE,TRUE,US,1,1,1
C0054,7/1/2023,7/21/2023,10/28/2023,735,4,0,0,177.45,44.36,0.033,Influencer,IG_Influencer_Spring,68.79,117.2,1.7,0.425,0.237,0.101,Skincare,Mid,Churned,FALSE,FALSE,TRUE,TRUE,US,1,4,4
C0055,9/1/2025,9/22/2025,10/16/2025,16,8,3,3,752.66,94.08,0.133,Google Ads,Generic_Search,31.34,728.35,23.24,0.125,0.147,0.018,Home Decor,High,Active,TRUE,TRUE,FALSE,TRUE,CA,5,5,5
C0056,9/1/2023,9/27/2023,4/6/2024,574,1,0,0,58.7,58.7,0.035,Organic,SEO_Blog,3.54,71.97,20.33,0.202,0.151,0.031,Skincare,Mid,Churned,FALSE,FALSE,TRUE,TRUE,US,2,1,2
C0057,3/1/2025,3/26/2025,10/10/2025,22,2,2,2,216.96,108.48,0.114,Influencer,IG_Influencer_Spring,32.94,115.06,3.49,0.49,0.134,0.066,Home Decor,High,Active,TRUE,TRUE,FALSE,TRUE,CA,5,2,4
C0058,3/1/2024,3/31/2024,12/13/2024,323,5,0,0,402.74,80.55,0.019,Referral,Referral_VIP,7.55,450.57,59.68,0.183,0.193,0.035,Supplements,High,Churned,FALSE,FALSE,TRUE,TRUE,CA,3,5,5
C0059,10/1/2025,10/13/2025,10/31/2025,1,1,1,1,49.23,49.23,0.051,Meta Ads,Meta_BF_Sale,25.4,39.4,1.55,0.513,0.275,0.141,Supplements,Mid,New,TRUE,TRUE,FALSE,TRUE,US,5,1,1
C0060,10/1/2023,10/23/2023,11/25/2023,707,3,0,0,346.38,115.46,0.091,Referral,Referral_Program,10.06,479.82,47.7,0.183,0.304,0.055,Home Decor,High,Churned,FALSE,FALSE,TRUE,FALSE,IN,1,3,5
C0061,12/1/2024,12/20/2024,5/25/2025,160,4,0,0,160.39,40.1,0.144,Google Ads,Generic_Search,40.72,171.14,4.2,0.146,0.127,0.018,Accessories,Mid,At-risk,FALSE,FALSE,FALSE,TRUE,CA,4,4,4
C0062,12/1/2023,12/4/2023,7/28/2024,461,3,0,0,119.09,39.7,0.083,Meta Ads,Meta_Retargeting,23.62,131.69,5.58,0.531,0.163,0.087,Skincare,Mid,Churned,FALSE,FALSE,TRUE,FALSE,US,2,3,3
C0063,5/1/2025,5/28/2025,10/30/2025,2,1,1,1,24.46,24.46,0.065,Google Ads,Brand_Search,26.22,17.9,0.68,0.492,0.19,0.094,Skincare,Mid,New,TRUE,TRUE,FALSE,TRUE,IN,5,1,1
C0064,3/1/2025,3/2/2025,7/30/2025,94,2,0,0,200.49,100.24,0.031,Referral,Referral_VIP,14.26,236.38,16.58,0.317,0.171,0.054,Supplements,High,At-risk,FALSE,FALSE,FALSE,TRUE,CA,4,2,4
C0065,8/1/2023,8/5/2023,12/2/2023,700,4,0,0,564.77,141.19,0.083,Google Ads,Brand_Search,37.67,418.36,11.11,0.27,0.165,0.045,Home Decor,Premium,Churned,FALSE,FALSE,TRUE,TRUE,IN,1,4,5
C0066,2/1/2025,2/2/2025,9/7/2025,55,3,1,0,130.37,43.46,0.039,Google Ads,Brand_Search,24.18,92.09,3.81,0.388,0.214,0.083,Skincare,Mid,Active,FALSE,TRUE,FALSE,TRUE,AU,4,3,3
C0067,7/1/2023,7/7/2023,5/17/2024,533,1,0,0,110.4,110.4,0.025,Organic,SEO_Landing,2.51,126.57,50.43,0.283,0.125,0.035,Skincare,High,Churned,FALSE,FALSE,TRUE,FALSE,EU_Other,2,1,3
C0068,1/1/2024,1/15/2024,11/8/2024,358,4,0,0,188.27,47.07,0.077,Meta Ads,Meta_Prospecting,15.73,222.97,14.17,0.24,0.168,0.04,Accessories,Mid,Churned,FALSE,FALSE,TRUE,TRUE,AU,2,4,4
C0069,5/1/2024,5/7/2024,2/10/2025,264,1,0,0,31.53,31.53,0.258,Meta Ads,Meta_Prospecting,29.73,36.61,1.23,0.447,0.308,0.138,Apparel,Mid,Churned,FALSE,FALSE,TRUE,TRUE,IN,3,1,1
C0070,1/1/2023,1/15/2023,5/27/2023,889,4,0,0,258.5,64.62,0.037,Meta Ads,Meta_BF_Sale,28.28,278.84,9.86,0.338,0.246,0.083,Supplements,High,Churned,FALSE,FALSE,TRUE,TRUE,CA,1,4,4
C0071,3/1/2023,3/6/2023,8/7/2023,817,1,0,0,122.39,122.39,0.041,Meta Ads,Meta_Prospecting,24.49,102.64,4.19,0.34,0.235,0.08,Supplements,High,Churned,FALSE,FALSE,TRUE,TRUE,US,1,1,3
C0072,6/1/2024,6/4/2024,2/7/2025,267,7,0,0,389.85,55.69,0.219,Meta Ads,Meta_Retargeting,31.88,354.63,11.12,0.554,0.119,0.066,Apparel,Mid,Churned,FALSE,FALSE,TRUE,FALSE,UK,3,5,5
C0073,10/1/2024,10/9/2024,5/18/2025,167,2,0,0,206.28,103.14,0.063,Meta Ads,Meta_Retargeting,31.11,191.43,6.15,0.362,0.348,0.126,Skincare,High,At-risk,FALSE,FALSE,FALSE,FALSE,US,4,2,4
C0074,8/1/2024,8/15/2024,10/2/2024,395,2,0,0,52.4,26.2,0.06,Organic,SEO_Blog,8.78,63.16,7.19,0.261,0.219,0.057,Accessories,Low,Churned,FALSE,FALSE,TRUE,TRUE,UK,2,2,1
C0075,1/1/2024,1/27/2024,10/29/2024,368,1,0,0,24.78,24.78,0.175,Meta Ads,Meta_BF_Sale,32.37,27.78,0.86,0.407,0.135,0.055,Accessories,Low,Churned,FALSE,FALSE,TRUE,TRUE,UK,2,1,1
C0076,2/1/2024,2/23/2024,8/19/2024,439,2,0,0,163.61,81.81,0.022,Google Ads,Generic_Search,25.15,139.73,5.56,0.307,0.304,0.093,Supplements,Mid,Churned,FALSE,FALSE,TRUE,TRUE,CA,2,2,4
C0077,10/1/2023,10/16/2023,6/29/2024,490,5,0,0,73.46,14.69,0.158,Influencer,TikTok_Creator_Summer,34.48,44.73,1.3,0.743,0.137,0.102,Accessories,Low,Churned,FALSE,FALSE,TRUE,TRUE,IN,2,5,2
C0078,1/1/2024,1/14/2024,10/9/2024,388,8,0,0,320.75,40.09,0.255,Google Ads,Brand_Search,26.74,230.24,8.61,0.181,0.13,0.023,Apparel,Mid,Churned,FALSE,FALSE,TRUE,FALSE,US,2,5,5
C0079,8/1/2023,8/19/2023,6/28/2024,491,2,0,0,142.46,71.23,0.074,Organic,SEO_Blog,0.86,144.69,168.24,0.051,0.079,0.004,Skincare,High,Churned,FALSE,FALSE,TRUE,TRUE,IN,2,2,3
C0080,10/1/2025,10/14/2025,10/27/2025,5,2,2,1,102.63,51.32,0.216,Meta Ads,Meta_Retargeting,25.62,100.63,3.93,0.368,0.084,0.031,Apparel,Mid,Active,TRUE,TRUE,FALSE,TRUE,AU,5,2,2
C0081,2/1/2023,2/10/2023,2/25/2023,980,4,0,0,441.44,110.36,0.052,Meta Ads,Meta_Prospecting,33.73,373.81,11.08,0.269,0.214,0.058,Home Decor,High,Churned,FALSE,FALSE,TRUE,TRUE,CA,1,4,5
C0082,5/1/2023,5/15/2023,12/23/2023,679,6,0,0,724.01,120.67,0.035,Meta Ads,Meta_BF_Sale,15.79,710.48,45,0.266,0.069,0.018,Supplements,High,Churned,FALSE,FALSE,TRUE,FALSE,CA,1,5,5
C0083,7/1/2023,7/20/2023,6/5/2024,514,3,0,0,160.59,53.53,0.141,Meta Ads,Meta_Prospecting,17.44,183.28,10.51,0.327,0.116,0.038,Accessories,Mid,Churned,FALSE,FALSE,TRUE,TRUE,AU,2,3,4
C0084,2/1/2025,2/18/2025,10/28/2025,4,2,2,1,260.48,130.24,0.1,Meta Ads,Meta_Retargeting,24.04,268.95,11.19,0.406,0.081,0.033,Home Decor,High,Active,TRUE,TRUE,FALSE,TRUE,US,5,2,4
C0085,7/1/2025,7/18/2025,10/8/2025,24,2,2,1,56.29,28.14,0.18,Meta Ads,Meta_Retargeting,33.68,46.81,1.39,0.501,0.322,0.161,Accessories,Low,Active,TRUE,TRUE,FALSE,TRUE,EU_Other,5,2,1
C0086,5/1/2024,5/17/2024,4/4/2025,211,3,0,0,209.16,69.72,0.038,Meta Ads,Meta_Retargeting,21.32,183.36,8.6,0.497,0.21,0.104,Skincare,Mid,Churned,FALSE,FALSE,TRUE,TRUE,AU,3,3,4
C0087,2/1/2024,2/11/2024,4/18/2025,197,1,0,0,89.96,89.96,0.036,Meta Ads,Meta_Retargeting,25.14,89.04,3.54,0.544,0.258,0.141,Skincare,High,Churned,FALSE,FALSE,TRUE,FALSE,US,3,1,2
C0088,3/1/2025,3/15/2025,7/20/2025,104,3,0,0,225.76,75.25,0.034,Google Ads,Shopping_Campaign,21.04,190.68,9.06,0.104,0.168,0.018,Skincare,Mid,At-risk,FALSE,FALSE,FALSE,TRUE,UK,4,3,4
C0089,4/1/2023,4/9/2023,10/29/2023,734,2,0,0,88.5,44.25,0.1,Meta Ads,Meta_Prospecting,17.97,83.5,4.65,0.54,0.154,0.083,Accessories,Mid,Churned,FALSE,FALSE,TRUE,TRUE,CA,1,2,2
C0090,11/1/2024,11/14/2024,5/19/2025,166,4,0,0,175.6,43.9,0.122,Google Ads,Brand_Search,44.67,160.1,3.58,0.114,0.274,0.031,Home Decor,Mid,At-risk,FALSE,FALSE,FALSE,TRUE,US,4,4,4
C0091,12/1/2024,12/26/2024,2/14/2025,260,1,0,0,117.44,117.44,0.074,Google Ads,Brand_Search,44.13,109.66,2.48,0.421,0.098,0.041,Skincare,High,Churned,FALSE,FALSE,TRUE,TRUE,IN,3,1,3
C0092,8/1/2025,8/18/2025,10/27/2025,5,3,3,2,549.62,183.21,0.136,Organic,SEO_Blog,0.07,669.85,9569.29,0.161,0.108,0.017,Home Decor,Premium,Active,TRUE,TRUE,FALSE,TRUE,IN,5,3,5
C0093,9/1/2024,9/4/2024,10/28/2024,369,2,0,0,72.81,36.4,0.171,Meta Ads,Meta_Retargeting,34.04,68.18,2,0.488,0.131,0.064,Accessories,Mid,Churned,FALSE,FALSE,TRUE,TRUE,CA,2,2,2
C0094,10/1/2024,10/4/2024,4/24/2025,191,3,0,0,483.54,161.18,0.165,Influencer,IG_Influencer_Spring,55.56,388.15,6.99,0.558,0.303,0.169,Home Decor,Premium,Churned,FALSE,FALSE,TRUE,TRUE,AU,3,3,5
C0095,10/1/2025,10/25/2025,10/29/2025,3,1,1,1,68.13,68.13,0.172,Organic,SEO_Blog,13.02,70.54,5.42,0.143,0.251,0.036,Accessories,Mid,New,TRUE,TRUE,FALSE,TRUE,EU_Other,5,1,2
C0096,5/1/2024,5/17/2024,11/14/2024,352,3,0,0,107.9,35.97,0.053,Meta Ads,Meta_BF_Sale,24.09,88.71,3.68,0.361,0.139,0.05,Accessories,Mid,Churned,FALSE,FALSE,TRUE,TRUE,AU,2,3,3
C0097,2/1/2025,2/5/2025,6/21/2025,133,3,0,0,442.39,147.46,0.062,Influencer,IG_Influencer_Spring,50.62,299.54,5.92,0.713,0.096,0.069,Supplements,High,At-risk,FALSE,FALSE,FALSE,FALSE,US,4,3,5
C0098,2/1/2024,2/2/2024,4/12/2024,568,3,0,0,155.38,51.79,0.081,Referral,Referral_Program,12.33,191.92,15.57,0.149,0.113,0.017,Accessories,Mid,Churned,FALSE,FALSE,TRUE,TRUE,AU,2,3,3
C0099,5/1/2025,5/20/2025,10/4/2025,28,3,1,1,69.57,23.19,0.07,Meta Ads,Meta_BF_Sale,28.34,81.66,2.88,0.478,0.333,0.159,Accessories,Mid,Active,TRUE,TRUE,FALSE,TRUE,CA,5,3,2
C0100,3/1/2025,3/5/2025,6/16/2025,138,3,0,0,44.17,14.72,0.228,Meta Ads,Meta_Retargeting,17.79,48.16,2.71,0.598,0.185,0.111,Apparel,Low,At-risk,FALSE,FALSE,FALSE,TRUE,US,4,3,1
C0101,1/1/2024,1/28/2024,11/23/2024,343,5,0,0,218.91,43.78,0.039,Influencer,IG_Influencer_Spring,31.2,188.02,6.03,0.526,0.183,0.096,Skincare,Mid,Churned,FALSE,FALSE,TRUE,TRUE,UK,2,5,4
C0102,7/1/2023,7/26/2023,2/15/2024,625,1,0,0,49.93,49.93,0.014,Organic,SEO_Blog,4.62,63.08,13.65,0.254,0.112,0.028,Supplements,Mid,Churned,FALSE,FALSE,TRUE,TRUE,AU,1,1,1
C0103,6/1/2025,6/10/2025,10/3/2025,29,5,2,1,286.41,57.28,0.02,Meta Ads,Meta_Prospecting,29.09,298.39,10.26,0.581,0.153,0.089,Supplements,Mid,Active,TRUE,TRUE,FALSE,FALSE,AU,5,5,4
C0104,5/1/2025,5/13/2025,9/7/2025,55,2,2,0,38.5,19.25,0.01,Meta Ads,Meta_BF_Sale,19.04,38.93,2.04,0.594,0.302,0.179,Supplements,Mid,Active,FALSE,TRUE,FALSE,TRUE,EU_Other,4,2,1
C0105,1/1/2025,1/12/2025,10/5/2025,27,1,1,1,89.68,89.68,0.281,Google Ads,Shopping_Campaign,36.84,82.77,2.25,0.423,0.145,0.062,Apparel,High,New,TRUE,TRUE,FALSE,TRUE,US,5,1,2
C0106,7/1/2024,7/17/2024,1/7/2025,298,1,0,0,41.8,41.8,0.054,Google Ads,Generic_Search,44.25,45.62,1.03,0.104,0.165,0.017,Accessories,Mid,Churned,FALSE,FALSE,TRUE,TRUE,IN,3,1,1
C0107,10/1/2025,10/17/2025,10/28/2025,4,2,2,1,300.6,150.3,0.029,Organic,Direct_Organic,1.41,363.51,257.81,0.091,0.061,0.006,Skincare,High,Active,TRUE,TRUE,FALSE,TRUE,AU,5,2,5
C0108,4/1/2023,4/6/2023,7/5/2023,850,4,0,0,405.82,101.46,0.104,Google Ads,Shopping_Campaign,36.82,301.32,8.18,0.302,0.171,0.052,Home Decor,High,Churned,FALSE,FALSE,TRUE,TRUE,CA,1,4,5
C0109,4/1/2024,4/29/2024,8/18/2024,440,4,0,0,134.63,33.66,0.103,Google Ads,Generic_Search,31.09,136.16,4.38,0.354,0.236,0.084,Accessories,Low,Churned,FALSE,FALSE,TRUE,TRUE,AU,2,4,3
C0110,8/1/2023,8/19/2023,2/16/2024,624,4,0,0,111.62,27.9,0.282,Organic,SEO_Landing,13.02,108.07,8.3,0.036,0.343,0.012,Apparel,Low,Churned,FALSE,FALSE,TRUE,TRUE,EU_Other,1,4,3
C0111,1/1/2025,1/18/2025,9/10/2025,52,2,2,0,73,36.5,0.056,Meta Ads,Meta_Prospecting,18.54,71.46,3.85,0.275,0.184,0.05,Accessories,Low,Active,FALSE,TRUE,FALSE,TRUE,UK,4,2,2
C0112,6/1/2024,6/24/2024,3/21/2025,225,2,0,0,44.48,22.24,0.127,Meta Ads,Meta_Retargeting,28.85,39.33,1.36,0.395,0.294,0.116,Accessories,Low,Churned,FALSE,FALSE,TRUE,FALSE,EU_Other,3,2,1
C0113,6/1/2024,6/8/2024,4/3/2025,212,1,0,0,19.38,19.38,0.236,Organic,SEO_Blog,12.57,22.79,1.81,0.03,0.179,0.005,Apparel,Low,Churned,FALSE,FALSE,TRUE,FALSE,AU,3,1,1
C0114,7/1/2024,7/31/2024,6/1/2025,153,2,0,0,211.54,105.77,0.075,Influencer,IG_Influencer_Spring,67.78,177.41,2.62,0.714,0.115,0.082,Supplements,High,At-risk,FALSE,FALSE,FALSE,TRUE,IN,4,2,4
C0115,11/1/2024,11/12/2024,5/7/2025,178,2,0,0,257.29,128.65,0.053,Google Ads,Generic_Search,37.08,209.99,5.66,0.351,0.327,0.115,Supplements,High,At-risk,FALSE,FALSE,FALSE,TRUE,AU,3,2,4
C0116,7/1/2024,7/10/2024,3/25/2025,221,1,0,0,48.03,48.03,0.082,Google Ads,Brand_Search,32.43,35.2,1.09,0.499,0.06,0.03,Skincare,Mid,Churned,FALSE,FALSE,TRUE,FALSE,US,3,1,1
C0117,10/1/2025,10/9/2025,10/19/2025,13,1,1,1,57.19,57.19,0.018,Meta Ads,Meta_BF_Sale,27.36,52.58,1.92,0.294,0.143,0.042,Skincare,Mid,New,TRUE,TRUE,FALSE,TRUE,AU,5,1,1
C0118,10/1/2024,10/7/2024,2/27/2025,247,3,0,0,185.19,61.73,0.037,Google Ads,Shopping_Campaign,41.72,179.44,4.3,0.26,0.123,0.032,Supplements,Mid,Churned,FALSE,FALSE,TRUE,TRUE,IN,3,3,4
C0119,3/1/2025,3/6/2025,9/12/2025,50,4,4,0,167.39,41.85,0.099,Google Ads,Brand_Search,34.27,139.19,4.06,0.181,0.336,0.061,Home Decor,Mid,Active,FALSE,TRUE,FALSE,FALSE,US,4,4,4
C0120,7/1/2023,7/9/2023,11/28/2023,704,8,0,0,297.27,37.16,0.183,Meta Ads,Meta_BF_Sale,15.61,270.89,17.35,0.567,0.064,0.036,Accessories,Mid,Churned,FALSE,FALSE,TRUE,FALSE,CA,1,5,5
C0121,9/1/2024,9/24/2024,5/31/2025,154,6,0,0,647.75,107.96,0.07,Meta Ads,Meta_Prospecting,33.62,565.99,16.83,0.336,0.172,0.058,Home Decor,High,At-risk,FALSE,FALSE,FALSE,TRUE,US,4,5,5
C0122,9/1/2024,9/19/2024,3/15/2025,231,3,0,0,82.87,27.62,0.073,Google Ads,Shopping_Campaign,37.24,74.5,2,0.196,0.239,0.047,Accessories,Low,Churned,FALSE,FALSE,TRUE,TRUE,EU_Other,3,3,2
C0123,8/1/2025,8/30/2025,10/9/2025,23,2,1,1,128.63,64.32,0.033,Meta Ads,Meta_Retargeting,28.53,117.1,4.1,0.456,0.305,0.139,Supplements,Mid,Active,TRUE,TRUE,FALSE,TRUE,UK,5,2,3
C0124,12/1/2024,12/10/2024,4/22/2025,193,3,0,0,207.1,69.03,0.015,Google Ads,Generic_Search,25.39,205.53,8.09,0.396,0.213,0.084,Skincare,Mid,Churned,FALSE,FALSE,TRUE,TRUE,EU_Other,3,3,4
C0125,10/1/2024,10/10/2024,4/6/2025,209,4,0,0,169.46,42.36,0.026,Meta Ads,Meta_Retargeting,28.18,140.76,5,0.461,0.132,0.061,Skincare,Mid,Churned,FALSE,FALSE,TRUE,TRUE,US,3,4,4
C0126,11/1/2023,11/14/2023,11/16/2023,716,1,0,0,82.2,82.2,0.175,Google Ads,Brand_Search,29.85,79.37,2.66,0.337,0.197,0.066,Home Decor,High,Churned,FALSE,FALSE,TRUE,TRUE,CA,1,1,2
C0127,11/1/2024,11/14/2024,1/14/2025,291,2,0,0,86.47,43.24,0.049,Meta Ads,Meta_Retargeting,28.02,77.39,2.76,0.253,0.123,0.031,Skincare,Mid,Churned,FALSE,FALSE,TRUE,TRUE,AU,3,2,2
C0128,10/1/2024,10/25/2024,2/24/2025,250,5,0,0,383.92,76.78,0.054,Influencer,IG_Influencer_Spring,34.26,247.49,7.22,0.546,0.327,0.179,Supplements,Mid,Churned,FALSE,FALSE,TRUE,TRUE,US,3,5,5
C0129,3/1/2024,3/17/2024,10/16/2024,381,2,0,0,200.2,100.1,0.144,Organic,SEO_Blog,9.87,203.09,20.58,0.069,0.137,0.009,Home Decor,High,Churned,FALSE,FALSE,TRUE,TRUE,EU_Other,2,2,4
C0130,7/1/2024,7/17/2024,12/19/2024,317,3,0,0,80.89,26.96,0.105,Organic,SEO_Landing,14.99,96.19,6.42,0.111,0.249,0.028,Accessories,Low,Churned,FALSE,FALSE,TRUE,TRUE,US,3,3,2
C0131,8/1/2025,8/9/2025,10/22/2025,10,3,2,1,355.86,118.62,0.023,Influencer,IG_Influencer_Spring,31.93,310.54,9.73,0.459,0.336,0.154,Skincare,High,Active,TRUE,TRUE,FALSE,TRUE,US,5,3,5
C0132,11/1/2024,11/29/2024,5/5/2025,180,1,0,0,20.84,20.84,0.141,Google Ads,Shopping_Campaign,44.43,22.23,0.5,0.446,0.223,0.1,Apparel,Low,At-risk,FALSE,FALSE,FALSE,TRUE,US,3,1,1
C0133,4/1/2023,4/23/2023,4/12/2024,568,2,0,0,160.55,80.28,0.038,Meta Ads,Meta_Prospecting,23.14,165.91,7.17,0.47,0.055,0.026,Skincare,Mid,Churned,FALSE,FALSE,TRUE,FALSE,CA,2,2,4
C0134,1/1/2023,1/2/2023,8/7/2023,817,2,0,0,113.09,56.54,0.145,Google Ads,Brand_Search,41.77,100.09,2.4,0.236,0.289,0.068,Accessories,Mid,Churned,FALSE,FALSE,TRUE,TRUE,IN,1,2,3
C0135,10/1/2024,10/3/2024,2/28/2025,246,1,0,0,108.68,108.68,0.102,Organic,SEO_Landing,11.74,133.39,11.36,0.023,0.135,0.003,Home Decor,High,Churned,FALSE,FALSE,TRUE,FALSE,IN,3,1,3
C0136,8/1/2023,8/8/2023,4/17/2024,563,1,0,0,20.08,20.08,0.051,Organic,Direct_Organic,8.51,23.56,2.77,0.176,0.127,0.022,Accessories,Low,Churned,FALSE,FALSE,TRUE,FALSE,US,2,1,1
C0137,5/1/2025,5/4/2025,7/20/2025,104,5,0,0,169.29,33.86,0.205,Google Ads,Generic_Search,38.46,130.93,3.4,0.474,0.089,0.042,Apparel,Mid,At-risk,FALSE,FALSE,FALSE,TRUE,CA,4,5,4
C0138,1/1/2024,1/20/2024,4/30/2024,550,1,0,0,51.24,51.24,0.075,Meta Ads,Meta_Prospecting,32.57,57.82,1.78,0.519,0.202,0.105,Supplements,Mid,Churned,FALSE,FALSE,TRUE,TRUE,CA,2,1,1
C0139,12/1/2024,12/30/2024,3/22/2025,224,2,0,0,187.97,93.98,0.083,Meta Ads,Meta_Prospecting,23.08,182.62,7.91,0.5,0.143,0.072,Skincare,High,Churned,FALSE,FALSE,TRUE,FALSE,US,3,2,4
C0140,9/1/2023,9/4/2023,1/30/2024,641,1,0,0,78.64,78.64,0.157,Google Ads,Generic_Search,28.18,60.99,2.16,0.306,0.307,0.094,Home Decor,High,Churned,FALSE,FALSE,TRUE,TRUE,EU_Other,1,1,2
C0141,4/1/2025,4/15/2025,7/20/2025,104,7,0,0,724.2,103.46,0.066,Organic,SEO_Landing,10.01,733.41,73.27,0.14,0.158,0.022,Supplements,High,At-risk,FALSE,FALSE,FALSE,TRUE,EU_Other,4,5,5
C0142,7/1/2023,7/22/2023,5/7/2024,543,1,0,0,25.48,25.48,0.099,Organic,SEO_Blog,12.12,25.66,2.12,0.161,0.265,0.043,Accessories,Low,Churned,FALSE,FALSE,TRUE,TRUE,UK,2,1,1
C0143,5/1/2023,5/3/2023,7/19/2023,836,2,0,0,349.86,174.93,0.149,Google Ads,Brand_Search,39.06,317.56,8.13,0.277,0.332,0.092,Home Decor,Premium,Churned,FALSE,FALSE,TRUE,TRUE,US,1,2,5
C0144,2/1/2024,2/5/2024,3/8/2025,238,5,0,0,526.26,105.25,0.02,Referral,Referral_Program,16.97,575.6,33.92,0.118,0.193,0.023,Supplements,High,Churned,FALSE,FALSE,TRUE,FALSE,UK,3,5,5
C0145,2/1/2025,2/5/2025,6/26/2025,128,5,0,0,194.02,38.8,0.136,Organic,SEO_Landing,6.53,184.21,28.21,0.227,0.257,0.058,Home Decor,Mid,At-risk,FALSE,FALSE,FALSE,FALSE,EU_Other,4,5,4
C0146,10/1/2023,10/21/2023,5/23/2024,527,1,0,0,35.04,35.04,0.228,Meta Ads,Meta_BF_Sale,31.36,29.77,0.95,0.545,0.349,0.19,Apparel,Mid,Churned,FALSE,FALSE,TRUE,FALSE,EU_Other,2,1,1
C0147,10/1/2023,10/7/2023,11/14/2023,718,5,0,0,177.65,35.53,0.105,Meta Ads,Meta_Retargeting,17.4,183.57,10.55,0.371,0.083,0.031,Apparel,Low,Churned,FALSE,FALSE,TRUE,TRUE,US,1,5,4
C0148,6/1/2025,6/2/2025,8/7/2025,86,2,1,0,163.06,81.53,0.081,Meta Ads,Meta_Retargeting,25.89,178.37,6.89,0.212,0.268,0.057,Skincare,High,Active,FALSE,TRUE,FALSE,TRUE,UK,4,2,4
C0149,7/1/2023,7/17/2023,4/28/2024,552,2,0,0,118.95,59.48,0.091,Meta Ads,Meta_Retargeting,15.12,110.46,7.31,0.55,0.116,0.064,Skincare,Mid,Churned,FALSE,FALSE,TRUE,TRUE,UK,2,2,3
C0150,9/1/2025,9/8/2025,10/18/2025,14,1,1,1,28.91,28.91,0.153,Meta Ads,Meta_Prospecting,21.49,23.53,1.09,0.263,0.069,0.018,Apparel,Low,New,TRUE,TRUE,FALSE,TRUE,US,5,1,1
C0151,1/1/2025,1/21/2025,5/18/2025,167,1,0,0,98.77,98.77,0.156,Meta Ads,Meta_BF_Sale,22.33,84.04,3.76,0.529,0.143,0.076,Home Decor,High,At-risk,FALSE,FALSE,FALSE,TRUE,UK,4,1,2
C0152,5/1/2023,5/24/2023,11/25/2023,707,4,0,0,580.28,145.07,0.116,Meta Ads,Meta_BF_Sale,22.92,676.54,29.52,0.361,0.201,0.072,Apparel,High,Churned,FALSE,FALSE,TRUE,TRUE,AU,1,4,5
C0153,8/1/2024,8/31/2024,11/17/2024,349,2,0,0,126.41,63.2,0.064,Meta Ads,Meta_Retargeting,28.91,126.08,4.36,0.536,0.245,0.131,Skincare,Mid,Churned,FALSE,FALSE,TRUE,TRUE,EU_Other,2,2,3
C0154,7/1/2023,7/6/2023,11/23/2023,709,2,0,0,140.73,70.36,0.197,Influencer,IG_Influencer_Spring,45.54,88.21,1.94,0.708,0.103,0.073,Apparel,Mid,Churned,FALSE,FALSE,TRUE,TRUE,IN,1,2,3
C0155,4/1/2024,4/8/2024,1/5/2025,300,4,0,0,158.9,39.72,0.209,Meta Ads,Meta_Prospecting,23.97,129.54,5.4,0.405,0.265,0.107,Apparel,Mid,Churned,FALSE,FALSE,TRUE,TRUE,CA,3,4,4
C0156,10/1/2024,10/21/2024,5/8/2025,177,4,0,0,579.53,144.88,0.17,Google Ads,Generic_Search,25.94,574.58,22.15,0.489,0.11,0.054,Home Decor,Premium,At-risk,FALSE,FALSE,FALSE,TRUE,UK,3,4,5
C0157,2/1/2025,2/2/2025,9/29/2025,33,1,1,0,63.09,63.09,0.071,Google Ads,Brand_Search,29.33,57.49,1.96,0.104,0.073,0.008,Supplements,Mid,Active,FALSE,TRUE,FALSE,TRUE,UK,5,1,2
C0158,8/1/2025,8/12/2025,9/25/2025,37,3,1,0,154.66,51.55,0.081,Referral,Referral_Program,8.41,167.16,19.88,0.15,0.296,0.045,Skincare,Mid,Active,FALSE,TRUE,FALSE,TRUE,CA,5,3,3
C0159,2/1/2024,2/7/2024,11/30/2024,336,1,0,0,77.99,77.99,0.086,Meta Ads,Meta_Retargeting,16.46,65.83,4,0.203,0.187,0.038,Home Decor,Mid,Churned,FALSE,FALSE,TRUE,TRUE,UK,2,1,2
C0160,5/1/2023,5/27/2023,11/17/2023,715,4,0,0,186.95,46.74,0.282,Google Ads,Brand_Search,35.09,159.53,4.55,0.232,0.066,0.015,Apparel,Mid,Churned,FALSE,FALSE,TRUE,FALSE,CA,1,4,4
C0161,5/1/2025,5/13/2025,9/12/2025,50,3,1,0,117.1,39.03,0.12,Referral,Referral_VIP,15.02,156.31,10.41,0.18,0.126,0.023,Apparel,Mid,Active,FALSE,TRUE,FALSE,FALSE,US,4,3,3
C0162,5/1/2024,5/3/2024,11/13/2024,353,7,0,0,498.68,71.24,0.07,Influencer,IG_Influencer_Spring,54.78,415.22,7.58,0.576,0.262,0.151,Supplements,High,Churned,FALSE,FALSE,TRUE,FALSE,AU,2,5,5
C0163,7/1/2025,7/17/2025,9/7/2025,55,1,1,0,56.5,56.5,0.04,Influencer,IG_Influencer_Spring,48.54,39.63,0.82,0.661,0.087,0.058,Skincare,Mid,Active,FALSE,TRUE,FALSE,TRUE,AU,4,1,1
C0164,7/1/2024,7/4/2024,8/28/2024,430,1,0,0,57.79,57.79,0.015,Meta Ads,Meta_BF_Sale,22.6,63.05,2.79,0.585,0.241,0.141,Skincare,Mid,Churned,FALSE,FALSE,TRUE,TRUE,EU_Other,2,1,1
C0165,12/1/2023,12/4/2023,5/18/2024,532,1,0,0,27.62,27.62,0.15,Meta Ads,Meta_BF_Sale,32.27,23.37,0.72,0.506,0.074,0.037,Accessories,Low,Churned,FALSE,FALSE,TRUE,TRUE,IN,2,1,1
C0166,5/1/2025,5/21/2025,8/12/2025,81,1,1,0,75.75,75.75,0.031,Organic,SEO_Blog,7.79,86,11.04,0.014,0.056,0.001,Skincare,Mid,Active,FALSE,TRUE,FALSE,TRUE,UK,4,1,2
C0167,10/1/2024,10/2/2024,1/6/2025,299,1,0,0,74.13,74.13,0.027,Referral,Referral_Program,12.19,93.91,7.7,0.076,0.174,0.013,Supplements,Mid,Churned,FALSE,FALSE,TRUE,TRUE,IN,3,1,2
C0168,4/1/2024,4/17/2024,11/4/2024,362,6,0,0,137.61,22.94,0.096,Organic,Direct_Organic,0.38,134.9,355,0.281,0.187,0.053,Accessories,Low,Churned,FALSE,FALSE,TRUE,FALSE,US,2,5,3
C0169,5/1/2023,5/31/2023,6/16/2023,869,1,0,0,38.18,38.18,0.06,Organic,SEO_Blog,5.12,47.8,9.34,0.087,0.219,0.019,Accessories,Mid,Churned,FALSE,FALSE,TRUE,TRUE,AU,1,1,1
C0170,9/1/2023,9/20/2023,5/25/2024,525,1,0,0,77.07,77.07,0.135,Meta Ads,Meta_Retargeting,22.6,67.67,2.99,0.245,0.233,0.057,Apparel,High,Churned,FALSE,FALSE,TRUE,FALSE,US,2,1,2
C0171,5/1/2023,5/24/2023,4/6/2024,574,4,0,0,176.01,44,0.101,Influencer,TikTok_Creator_Summer,45.95,97.99,2.13,0.684,0.288,0.197,Apparel,Mid,Churned,FALSE,FALSE,TRUE,FALSE,US,2,4,4
C0172,12/1/2023,12/12/2023,1/22/2024,649,2,0,0,210.56,105.28,0.05,Meta Ads,Meta_Retargeting,26.6,220.71,8.3,0.595,0.125,0.074,Skincare,High,Churned,FALSE,FALSE,TRUE,TRUE,UK,1,2,4
C0173,9/1/2024,9/15/2024,3/14/2025,232,4,0,0,242.12,60.53,0.063,Google Ads,Brand_Search,33.34,231.31,6.94,0.304,0.323,0.098,Accessories,Mid,Churned,FALSE,FALSE,TRUE,TRUE,US,3,4,4
C0174,10/1/2025,10/13/2025,10/23/2025,9,1,1,1,36.64,36.64,0.237,Google Ads,Generic_Search,35.2,35.9,1.02,0.414,0.196,0.081,Apparel,Mid,New,TRUE,TRUE,FALSE,TRUE,AU,5,1,1
C0175,5/1/2025,5/30/2025,8/10/2025,83,2,1,0,247.29,123.64,0.026,Google Ads,Brand_Search,39.12,184.18,4.71,0.478,0.067,0.032,Supplements,High,Active,FALSE,TRUE,FALSE,TRUE,IN,4,2,4
C0176,1/1/2023,1/2/2023,1/25/2024,646,1,0,0,46.54,46.54,0.289,Meta Ads,Meta_Prospecting,31.26,53.05,1.7,0.572,0.065,0.037,Apparel,Mid,Churned,FALSE,FALSE,TRUE,TRUE,AU,1,1,1
C0177,6/1/2025,6/15/2025,8/20/2025,73,1,1,0,22.6,22.6,0.274,Meta Ads,Meta_BF_Sale,29.36,22.9,0.78,0.419,0.317,0.133,Apparel,Low,Active,FALSE,TRUE,FALSE,TRUE,UK,4,1,1
C0178,9/1/2023,9/11/2023,3/2/2024,609,6,0,0,234.28,39.05,0.093,Organic,Direct_Organic,14.33,255.02,17.8,0.079,0.192,0.015,Accessories,Mid,Churned,FALSE,FALSE,TRUE,TRUE,AU,2,5,4
C0179,3/1/2024,3/28/2024,11/13/2024,353,1,0,0,28.09,28.09,0.167,Meta Ads,Meta_Retargeting,15.36,33.5,2.18,0.33,0.336,0.111,Accessories,Low,Churned,FALSE,FALSE,TRUE,TRUE,CA,2,1,1
C0180,10/1/2025,10/11/2025,10/25/2025,7,2,2,1,290.93,145.46,0.154,Organic,Direct_Organic,2.94,348,118.37,0.247,0.263,0.065,Home Decor,High,Active,TRUE,TRUE,FALSE,TRUE,IN,5,2,5
C0181,1/1/2023,1/9/2023,2/9/2023,996,2,0,0,232.35,116.18,0.079,Meta Ads,Meta_Retargeting,15.15,196.85,12.99,0.435,0.296,0.129,Supplements,High,Churned,FALSE,FALSE,TRUE,TRUE,CA,1,2,4
C0182,3/1/2025,3/26/2025,10/30/2025,2,2,1,1,17.21,8.6,0.14,Google Ads,Generic_Search,36.19,17.26,0.48,0.257,0.184,0.047,Accessories,Low,Active,TRUE,TRUE,FALSE,TRUE,CA,5,2,1
C0183,7/1/2023,7/27/2023,1/17/2024,654,6,0,0,463.48,77.25,0.017,Google Ads,Brand_Search,42.45,342.09,8.06,0.392,0.157,0.062,Skincare,Mid,Churned,FALSE,FALSE,TRUE,TRUE,EU_Other,1,5,5
C0184,2/1/2024,2/8/2024,8/8/2024,450,1,0,0,96.77,96.77,0.055,Meta Ads,Meta_Retargeting,19.87,78.48,3.95,0.226,0.072,0.016,Supplements,High,Churned,FALSE,FALSE,TRUE,TRUE,UK,2,1,2
C0185,6/1/2023,6/1/2023,9/8/2023,785,3,0,0,501.45,167.15,0.054,Google Ads,Shopping_Campaign,43.18,431.97,10,0.146,0.311,0.045,Supplements,High,Churned,FALSE,FALSE,TRUE,TRUE,US,1,3,5
C0186,2/1/2023,2/23/2023,6/24/2023,861,7,0,0,184.96,26.42,0.146,Meta Ads,Meta_Retargeting,16.21,221.48,13.66,0.389,0.264,0.103,Accessories,Low,Churned,FALSE,FALSE,TRUE,FALSE,CA,1,5,4
C0187,9/1/2024,9/19/2024,5/30/2025,155,3,0,0,226.29,75.43,0.032,Meta Ads,Meta_Prospecting,33.69,196.86,5.84,0.357,0.128,0.046,Supplements,High,At-risk,FALSE,FALSE,FALSE,TRUE,AU,4,3,4
C0188,8/1/2024,8/9/2024,3/31/2025,215,6,0,0,66.42,11.07,0.179,Referral,Referral_VIP,10.27,84.29,8.21,0.139,0.288,0.04,Accessories,Low,Churned,FALSE,FALSE,TRUE,TRUE,US,3,5,2
C0189,4/1/2023,4/14/2023,12/10/2023,692,1,0,0,58.84,58.84,0.292,Google Ads,Brand_Search,22.54,45.27,2.01,0.35,0.331,0.116,Apparel,Mid,Churned,FALSE,FALSE,TRUE,TRUE,AU,1,1,2
C0190,9/1/2023,9/11/2023,11/12/2023,720,2,0,0,450.22,225.11,0.078,Influencer,TikTok_Creator_Summer,49.43,343.24,6.94,0.74,0.221,0.164,Home Decor,Premium,Churned,FALSE,FALSE,TRUE,TRUE,AU,1,2,5
C0191,5/1/2024,5/24/2024,3/1/2025,245,1,0,0,82.4,82.4,0.118,Meta Ads,Meta_Prospecting,20.14,82.58,4.1,0.444,0.333,0.148,Apparel,Mid,Churned,FALSE,FALSE,TRUE,TRUE,US,3,1,2
C0192,4/1/2023,4/9/2023,1/30/2024,641,4,0,0,110.82,27.7,0.079,Organic,SEO_Blog,4.27,129.88,30.42,0.236,0.057,0.014,Accessories,Low,Churned,FALSE,FALSE,TRUE,TRUE,US,1,4,3
C0193,6/1/2023,6/2/2023,6/18/2023,867,8,0,0,391.31,48.91,0.173,Influencer,IG_Influencer_Spring,42.29,196.22,4.64,0.667,0.257,0.171,Accessories,Mid,Churned,FALSE,FALSE,TRUE,TRUE,AU,1,5,5
C0194,7/1/2025,7/2/2025,11/1/2025,0,1,1,1,41.49,41.49,0.235,Organic,SEO_Landing,12.05,49.72,4.13,0.225,0.114,0.026,Apparel,Mid,New,TRUE,TRUE,FALSE,TRUE,UK,5,1,1
C0195,5/1/2025,5/27/2025,7/30/2025,94,3,0,0,140.26,46.75,0.067,Google Ads,Brand_Search,33.48,154.04,4.6,0.447,0.337,0.15,Skincare,Mid,At-risk,FALSE,FALSE,FALSE,TRUE,IN,4,4,3
C0196,12/1/2023,12/4/2023,3/4/2024,607,1,0,0,51.62,51.62,0.046,Google Ads,Shopping_Campaign,27.78,49.88,1.8,0.195,0.315,0.061,Skincare,Mid,Churned,FALSE,FALSE,TRUE,TRUE,EU_Other,2,1,1
C0197,4/1/2025,4/1/2025,7/18/2025,106,3,0,0,178.02,59.34,0.062,Google Ads,Brand_Search,35.26,159.75,4.53,0.139,0.067,0.009,Skincare,Mid,At-risk,FALSE,FALSE,FALSE,TRUE,IN,4,4,4
C0198,8/1/2025,8/14/2025,10/19/2025,13,2,2,2,85.58,42.79,0.096,Referral,Referral_Program,15.74,117.18,7.44,0.052,0.067,0.003,Accessories,Mid,Active,TRUE,TRUE,FALSE,TRUE,UK,5,2,2
C0199,6/1/2023,6/10/2023,5/20/2024,530,7,0,0,524.09,74.87,0.043,Influencer,TikTok_Creator_Summer,40.9,213.79,5.23,0.823,0.068,0.056,Supplements,High,Churned,FALSE,FALSE,TRUE,FALSE,EU_Other,2,5,5
C0200,3/1/2025,3/11/2025,7/20/2025,104,3,0,0,155.57,51.86,0.169,Referral,Referral_Program,11.2,200.99,17.95,0.109,0.081,0.009,Accessories,Mid,At-risk,FALSE,FALSE,FALSE,TRUE,US,4,4,3
C0201,2/1/2024,2/2/2024,6/9/2024,510,2,0,0,181.21,90.6,0.079,Meta Ads,Meta_Retargeting,17.44,209.39,12.01,0.318,0.077,0.025,Supplements,High,Churned,FALSE,FALSE,TRUE,FALSE,EU_Other,2,2,4
C0202,3/1/2025,3/26/2025,7/27/2025,97,1,0,0,8.14,8.14,0.286,Organic,Direct_Organic,2.72,7.53,2.77,0.2,0.09,0.018,Apparel,Mid,At-risk,FALSE,FALSE,FALSE,TRUE,AU,4,1,1
C0203,2/1/2024,2/5/2024,3/2/2025,244,1,0,0,56.58,56.58,0.171,Referral,Referral_Program,15.22,66.77,4.39,0.341,0.295,0.101,Home Decor,Mid,Churned,FALSE,FALSE,TRUE,TRUE,IN,3,1,1
C0204,10/1/2024,10/1/2024,1/8/2025,297,1,0,0,41.72,41.72,0.038,Meta Ads,Meta_Prospecting,18.63,36.79,1.97,0.205,0.319,0.065,Supplements,Mid,Churned,FALSE,FALSE,TRUE,FALSE,EU_Other,3,1,1
C0205,11/1/2024,11/18/2024,2/10/2025,264,1,0,0,66.28,66.28,0.052,Meta Ads,Meta_Prospecting,25.5,68.04,2.67,0.212,0.122,0.026,Skincare,Mid,Churned,FALSE,FALSE,TRUE,TRUE,AU,3,1,2
C0206,4/1/2024,4/4/2024,9/27/2024,400,5,0,0,148.16,29.63,0.156,Organic,SEO_Landing,10.64,171.84,16.15,0.01,0.151,0.001,Accessories,Low,Churned,FALSE,FALSE,TRUE,FALSE,UK,2,5,3
C0207,8/1/2025,8/12/2025,9/25/2025,37,3,1,0,137.93,45.98,0.284,Organic,Direct_Organic,1.6,140.83,88.02,0.154,0.289,0.045,Apparel,Mid,Active,FALSE,TRUE,FALSE,TRUE,EU_Other,5,4,3
C0208,4/1/2024,4/14/2024,8/1/2024,457,2,0,0,356.53,178.26,0.023,Influencer,TikTok_Creator_Summer,52.69,224.61,4.26,0.569,0.262,0.149,Skincare,High,Churned,FALSE,FALSE,TRUE,TRUE,AU,2,2,5
C0209,1/1/2025,1/19/2025,7/19/2025,105,1,0,0,24.25,24.25,0.161,Meta Ads,Meta_Prospecting,20.13,22.11,1.1,0.275,0.275,0.076,Apparel,Low,At-risk,FALSE,FALSE,FALSE,FALSE,UK,4,1,1
C0210,2/1/2023,2/7/2023,2/6/2024,634,5,0,0,525.87,105.17,0.068,Influencer,IG_Influencer_Spring,68.52,307.47,4.49,0.518,0.093,0.048,Home Decor,High,Churned,FALSE,FALSE,TRUE,TRUE,US,1,5,5
C0211,8/1/2023,8/18/2023,1/31/2024,640,4,0,0,241.17,60.29,0.142,Meta Ads,Meta_BF_Sale,24.67,208.33,8.44,0.274,0.105,0.029,Accessories,Mid,Churned,FALSE,FALSE,TRUE,FALSE,UK,1,4,4
C0212,7/1/2024,7/16/2024,5/22/2025,163,1,0,0,26.72,26.72,0.096,Meta Ads,Meta_Prospecting,31.12,30.84,0.99,0.405,0.303,0.123,Accessories,Low,At-risk,FALSE,FALSE,FALSE,TRUE,UK,4,1,1
C0213,3/1/2024,3/13/2024,12/11/2024,325,4,0,0,281.02,70.26,0.092,Meta Ads,Meta_Prospecting,26,225.94,8.69,0.232,0.262,0.061,Home Decor,Mid,Churned,FALSE,FALSE,TRUE,TRUE,IN,3,4,4
C0214,1/1/2023,1/27/2023,9/24/2023,769,2,0,0,37.29,18.64,0.061,Influencer,IG_Influencer_Spring,31.74,31.37,0.99,0.727,0.312,0.227,Accessories,Low,Churned,FALSE,FALSE,TRUE,TRUE,AU,1,2,1
C0215,8/1/2023,8/14/2023,6/12/2024,507,1,0,0,39.8,39.8,0.034,Organic,SEO_Blog,9.5,44.92,4.73,0.073,0.185,0.014,Supplements,Mid,Churned,FALSE,FALSE,TRUE,FALSE,EU_Other,2,1,1
C0216,3/1/2025,3/8/2025,9/13/2025,49,2,1,0,202.46,101.23,0.272,Google Ads,Brand_Search,43.79,168.58,3.85,0.47,0.248,0.117,Apparel,High,Active,FALSE,TRUE,FALSE,TRUE,IN,4,2,4
C0217,10/1/2023,10/11/2023,7/5/2024,484,2,0,0,82.42,41.21,0.031,Google Ads,Brand_Search,35.04,81.53,2.33,0.256,0.089,0.023,Skincare,Mid,Churned,FALSE,FALSE,TRUE,TRUE,CA,2,2,2
C0218,5/1/2025,5/28/2025,8/17/2025,76,1,1,0,116.24,116.24,0.14,Influencer,TikTok_Creator_Summer,62.77,76.01,1.21,0.531,0.224,0.119,Home Decor,High,Active,FALSE,TRUE,FALSE,FALSE,UK,4,1,3
C0219,8/1/2025,8/17/2025,9/19/2025,43,7,1,0,434.04,62.01,0.054,Google Ads,Generic_Search,42.11,390.48,9.27,0.387,0.087,0.034,Supplements,Mid,Active,FALSE,TRUE,FALSE,FALSE,CA,5,5,5
C0220,3/1/2024,3/28/2024,4/15/2025,200,5,0,0,468.18,93.64,0.088,Influencer,IG_Influencer_Spring,39.12,213.06,5.45,0.7,0.215,0.151,Skincare,High,Churned,FALSE,FALSE,TRUE,TRUE,IN,3,5,5
C0221,10/1/2025,10/16/2025,10/23/2025,9,3,1,1,192.22,64.07,0.022,Google Ads,Shopping_Campaign,25.3,164.5,6.5,0.306,0.257,0.079,Skincare,Mid,Active,TRUE,TRUE,FALSE,TRUE,AU,5,4,4
C0222,3/1/2025,3/26/2025,8/25/2025,68,2,2,0,68.27,34.14,0.177,Google Ads,Generic_Search,35.27,54.37,1.54,0.435,0.147,0.064,Home Decor,Mid,Active,FALSE,TRUE,FALSE,TRUE,IN,4,3,2
C0223,10/1/2024,10/20/2024,5/5/2025,180,2,0,0,85.43,42.72,0.051,Google Ads,Brand_Search,30.28,60.34,1.99,0.456,0.098,0.045,Supplements,Mid,At-risk,FALSE,FALSE,FALSE,TRUE,AU,3,3,2
C0224,6/1/2024,6/30/2024,5/16/2025,169,3,0,0,152.46,50.82,0.1,Google Ads,Generic_Search,41,128.68,3.14,0.169,0.13,0.022,Skincare,Mid,At-risk,FALSE,FALSE,FALSE,TRUE,AU,4,4,3
C0225,1/1/2023,1/17/2023,8/9/2023,815,2,0,0,111.11,55.56,0.092,Organic,SEO_Blog,13.5,103.99,7.7,0.036,0.119,0.004,Skincare,Mid,Churned,FALSE,FALSE,TRUE,TRUE,US,1,3,3
C0226,6/1/2023,6/7/2023,8/19/2023,805,1,0,0,109.54,109.54,0.026,Google Ads,Shopping_Campaign,28.84,87.93,3.05,0.143,0.297,0.042,Supplements,High,Churned,FALSE,FALSE,TRUE,TRUE,UK,1,1,3
C0227,4/1/2024,4/21/2024,9/23/2024,404,2,0,0,63.02,31.51,0.058,Meta Ads,Meta_Prospecting,19.74,52.75,2.67,0.256,0.274,0.07,Accessories,Low,Churned,FALSE,FALSE,TRUE,FALSE,IN,2,3,2
C0228,6/1/2024,6/1/2024,5/14/2025,171,5,0,0,318.27,63.65,0.033,Influencer,IG_Influencer_Spring,61.22,143.37,2.34,0.424,0.335,0.142,Skincare,Mid,At-risk,FALSE,FALSE,FALSE,FALSE,AU,4,5,5
C0229,4/1/2023,4/9/2023,3/22/2024,589,2,0,0,131.79,65.9,0.206,Google Ads,Generic_Search,26.87,102.74,3.82,0.384,0.052,0.02,Apparel,Mid,Churned,FALSE,FALSE,TRUE,TRUE,IN,2,3,3
C0230,10/1/2023,10/7/2023,4/5/2024,575,1,0,0,57.28,57.28,0.022,Google Ads,Generic_Search,40.57,63,1.55,0.406,0.204,0.083,Supplements,Mid,Churned,FALSE,FALSE,TRUE,TRUE,IN,2,1,1
C0231,5/1/2024,5/11/2024,2/17/2025,257,4,0,0,303.86,75.96,0.025,Referral,Referral_VIP,11.36,304.13,26.77,0.312,0.207,0.064,Skincare,Mid,Churned,FALSE,FALSE,TRUE,TRUE,AU,3,4,5
C0232,10/1/2023,10/29/2023,6/11/2024,508,1,0,0,65.68,65.68,0.11,Organic,SEO_Landing,10.01,75.89,7.58,0.192,0.286,0.055,Home Decor,Mid,Churned,FALSE,FALSE,TRUE,TRUE,EU_Other,2,1,2
C0233,6/1/2023,6/30/2023,3/2/2024,609,1,0,0,158.43,158.43,0.107,Meta Ads,Meta_BF_Sale,16.91,135.69,8.02,0.362,0.051,0.018,Apparel,High,Churned,FALSE,FALSE,TRUE,TRUE,CA,2,1,3
C0234,8/1/2024,8/29/2024,12/1/2024,335,1,0,0,56.87,56.87,0.021,Referral,Referral_Program,14.36,77.81,5.42,0.34,0.164,0.056,Skincare,Mid,Churned,FALSE,FALSE,TRUE,TRUE,UK,2,1,1
C0235,11/1/2024,11/30/2024,1/17/2025,288,2,0,0,87.72,43.86,0.183,Organic,SEO_Landing,6.78,82.23,12.13,0.149,0.052,0.008,Apparel,Mid,Churned,FALSE,FALSE,TRUE,TRUE,UK,3,3,2
C0236,9/1/2025,9/19/2025,10/22/2025,10,4,3,3,279.93,69.98,0.113,Google Ads,Generic_Search,34.67,302.89,8.74,0.297,0.346,0.103,Apparel,Mid,Active,TRUE,TRUE,FALSE,TRUE,EU_Other,5,4,4
C0237,7/1/2023,7/10/2023,8/11/2023,813,2,0,0,58.92,29.46,0.11,Meta Ads,Meta_BF_Sale,18.36,61.53,3.35,0.311,0.169,0.052,Accessories,Low,Churned,FALSE,FALSE,TRUE,TRUE,US,1,3,2
C0238,9/1/2023,9/10/2023,4/10/2024,570,1,0,0,122.42,122.42,0.195,Influencer,TikTok_Creator_Summer,59.47,49.05,0.82,0.744,0.294,0.219,Apparel,High,Churned,FALSE,FALSE,TRUE,TRUE,EU_Other,2,1,3
C0239,9/1/2025,9/7/2025,10/17/2025,15,5,1,1,157.64,31.53,0.118,Organic,SEO_Landing,12.94,198.25,15.32,0.125,0.143,0.018,Accessories,Low,Active,TRUE,TRUE,FALSE,TRUE,US,5,5,3
C0240,7/1/2025,7/16/2025,10/18/2025,14,5,3,2,131.93,26.39,0.071,Google Ads,Shopping_Campaign,25.42,119.88,4.72,0.475,0.253,0.12,Supplements,Mid,Active,TRUE,TRUE,FALSE,TRUE,US,5,5,3
C0241,5/1/2023,5/8/2023,9/16/2023,777,5,0,0,285.72,57.14,0.13,Influencer,IG_Influencer_Spring,33.83,151.81,4.49,0.46,0.071,0.032,Accessories,Mid,Churned,FALSE,FALSE,TRUE,TRUE,EU_Other,1,5,4
C0242,1/1/2023,1/18/2023,1/27/2023,1009,1,0,0,113.62,113.62,0.111,Influencer,IG_Influencer_Spring,30.95,89.04,2.88,0.642,0.116,0.074,Home Decor,High,Churned,FALSE,FALSE,TRUE,FALSE,UK,1,1,3
C0243,7/1/2024,7/19/2024,12/25/2024,311,2,0,0,118.17,59.08,0.047,Meta Ads,Meta_BF_Sale,27.84,138.34,4.97,0.302,0.313,0.094,Skincare,Mid,Churned,FALSE,FALSE,TRUE,FALSE,CA,3,3,3
C0244,7/1/2024,7/23/2024,3/7/2025,239,8,0,0,432.93,54.12,0.067,Google Ads,Shopping_Campaign,35.18,386.81,11,0.136,0.265,0.036,Supplements,Mid,Churned,FALSE,FALSE,TRUE,TRUE,UK,3,5,5
C0245,11/1/2024,11/16/2024,3/5/2025,241,4,0,0,133.97,33.49,0.073,Meta Ads,Meta_Prospecting,25.93,124.09,4.79,0.308,0.278,0.086,Supplements,Mid,Churned,FALSE,FALSE,TRUE,TRUE,UK,3,4,3
C0246,9/1/2024,9/17/2024,6/1/2025,153,1,0,0,119.03,119.03,0.161,Organic,SEO_Landing,3.48,144.69,41.58,0.217,0.052,0.011,Home Decor,High,At-risk,FALSE,FALSE,FALSE,TRUE,UK,4,1,3
C0247,5/1/2025,5/3/2025,7/27/2025,97,1,0,0,28.01,28.01,0.151,Meta Ads,Meta_BF_Sale,22.82,30.05,1.32,0.404,0.092,0.037,Accessories,Low,At-risk,FALSE,FALSE,FALSE,TRUE,EU_Other,4,1,1
C0248,8/1/2025,8/19/2025,10/10/2025,22,2,1,1,149.64,74.82,0.022,Organic,SEO_Blog,8.92,187.87,21.06,0.26,0.311,0.081,Skincare,Mid,Active,TRUE,TRUE,FALSE,TRUE,EU_Other,5,3,3
C0249,6/1/2023,6/4/2023,12/16/2023,686,6,0,0,96.42,16.07,0.092,Influencer,IG_Influencer_Spring,49.87,71.95,1.44,0.609,0.183,0.112,Accessories,Low,Churned,FALSE,FALSE,TRUE,TRUE,EU_Other,1,5,2
C0250,5/1/2024,5/4/2024,11/11/2024,355,2,0,0,60.68,30.34,0.109,Influencer,IG_Influencer_Spring,69.51,31.66,0.46,0.552,0.265,0.146,Apparel,Low,Churned,FALSE,FALSE,TRUE,TRUE,UK,2,3,2
C0251,2/1/2025,2/23/2025,7/30/2025,94,2,0,0,91.54,45.77,0.19,Google Ads,Generic_Search,23.41,98.19,4.19,0.243,0.13,0.032,Accessories,Mid,At-risk,FALSE,FALSE,FALSE,TRUE,CA,4,3,2
C0252,9/1/2023,9/3/2023,6/23/2024,496,1,0,0,58.66,58.66,0.056,Influencer,TikTok_Creator_Summer,57.81,26.54,0.46,0.616,0.077,0.048,Supplements,Mid,Churned,FALSE,FALSE,TRUE,TRUE,US,2,1,2
C0253,1/1/2025,1/28/2025,7/11/2025,113,3,0,0,316.77,105.59,0.077,Meta Ads,Meta_Prospecting,23.09,287.37,12.45,0.499,0.054,0.027,Skincare,High,At-risk,FALSE,FALSE,FALSE,TRUE,IN,4,4,5
C0254,6/1/2024,6/21/2024,3/25/2025,221,5,0,0,155.13,31.03,0.097,Influencer,IG_Influencer_Spring,47.13,102.4,2.17,0.722,0.105,0.076,Accessories,Low,Churned,FALSE,FALSE,TRUE,TRUE,US,3,5,3
C0255,7/1/2025,7/9/2025,9/13/2025,49,2,1,0,211.89,105.94,0.086,Meta Ads,Meta_Retargeting,29.35,217.46,7.41,0.293,0.241,0.071,Skincare,High,Active,FALSE,TRUE,FALSE,TRUE,US,4,3,4
C0256,2/1/2024,2/12/2024,6/21/2024,498,4,0,0,170.98,42.74,0.033,Google Ads,Generic_Search,37.31,120.73,3.24,0.497,0.283,0.141,Skincare,Mid,Churned,FALSE,FALSE,TRUE,TRUE,IN,2,4,4
C0257,6/1/2024,6/8/2024,9/28/2024,399,7,0,0,193.29,27.61,0.1,Influencer,TikTok_Creator_Summer,69.65,152.75,2.19,0.513,0.103,0.053,Apparel,Low,Churned,FALSE,FALSE,TRUE,TRUE,UK,2,5,4
C0258,4/1/2025,4/7/2025,8/25/2025,68,1,1,0,23.33,23.33,0.175,Meta Ads,Meta_BF_Sale,17.57,22.04,1.25,0.546,0.183,0.1,Apparel,Low,Active,FALSE,TRUE,FALSE,FALSE,CA,4,1,1
C0259,6/1/2025,6/21/2025,9/21/2025,41,2,1,0,111.63,55.82,0.05,Meta Ads,Meta_Retargeting,17.08,107.45,6.29,0.255,0.309,0.079,Supplements,Mid,Active,FALSE,TRUE,FALSE,FALSE,CA,5,3,3
C0260,2/1/2023,2/5/2023,1/14/2024,657,1,0,0,35.78,35.78,0.112,Organic,SEO_Blog,10.87,43.79,4.03,0.245,0.345,0.085,Home Decor,High,Churned,FALSE,FALSE,TRUE,TRUE,US,1,1,1
C0261,11/1/2024,11/15/2024,2/6/2025,268,4,0,0,500.24,125.06,0.088,Organic,SEO_Landing,8.68,526.11,60.61,0.273,0.306,0.083,Skincare,High,Churned,FALSE,FALSE,TRUE,TRUE,IN,3,4,5
C0262,1/1/2023,1/20/2023,11/13/2023,719,3,0,0,314.97,104.99,0.064,Organic,Direct_Organic,4.11,289.42,70.42,0.016,0.081,0.001,Home Decor,High,Churned,FALSE,FALSE,TRUE,TRUE,AU,1,4,5
C0263,11/1/2023,11/17/2023,4/9/2024,571,3,0,0,113.51,37.84,0.049,Organic,Direct_Organic,1.19,110.17,92.58,0.171,0.209,0.036,Supplements,Mid,Churned,FALSE,FALSE,TRUE,FALSE,UK,2,4,3
C0264,5/1/2024,5/26/2024,2/28/2025,246,4,0,0,278.76,69.69,0.056,Google Ads,Shopping_Campaign,22.14,301.72,13.63,0.283,0.169,0.048,Skincare,Mid,Churned,FALSE,FALSE,TRUE,TRUE,US,3,4,4
C0265,2/1/2024,2/4/2024,3/5/2025,241,2,0,0,134.18,67.09,0.035,Meta Ads,Meta_Prospecting,32.88,111.12,3.38,0.372,0.221,0.082,Skincare,Mid,Churned,FALSE,FALSE,TRUE,TRUE,CA,3,3,3
C0266,10/1/2024,10/15/2024,2/16/2025,258,6,0,0,565.64,94.27,0.157,Google Ads,Brand_Search,24.8,476.25,19.2,0.101,0.128,0.013,Home Decor,High,Churned,FALSE,FALSE,TRUE,FALSE,EU_Other,3,5,5
C0267,8/1/2025,8/29/2025,10/30/2025,2,2,2,1,71.52,35.76,0.163,Meta Ads,Meta_Retargeting,21.47,71.61,3.34,0.407,0.267,0.109,Accessories,Mid,Active,TRUE,TRUE,FALSE,TRUE,EU_Other,5,3,2
C0268,4/1/2024,4/15/2024,9/4/2024,423,1,0,0,93.76,93.76,0.247,Referral,Referral_VIP,8.4,112.26,13.36,0.07,0.214,0.015,Apparel,High,Churned,FALSE,FALSE,TRUE,TRUE,IN,2,1,2
C0269,4/1/2025,4/13/2025,9/24/2025,38,3,3,0,76.09,25.36,0.181,Organic,SEO_Landing,5.32,68.6,12.89,0.214,0.183,0.039,Accessories,Low,Active,FALSE,TRUE,FALSE,TRUE,IN,5,4,2
C0270,12/1/2024,12/27/2024,8/1/2025,92,4,0,0,490.02,122.5,0.144,Google Ads,Generic_Search,21.74,441.25,20.3,0.111,0.185,0.02,Home Decor,High,At-risk,FALSE,FALSE,FALSE,TRUE,US,4,4,5
C0271,5/1/2025,5/3/2025,9/7/2025,55,2,1,0,91.07,45.54,0.146,Google Ads,Brand_Search,32.98,77.73,2.36,0.219,0.329,0.072,Apparel,Mid,Active,FALSE,TRUE,FALSE,TRUE,AU,4,3,2
C0272,2/1/2023,2/20/2023,3/2/2024,609,5,0,0,328.9,65.78,0.156,Referral,Referral_VIP,6.01,456.79,76,0.05,0.246,0.012,Accessories,Mid,Churned,FALSE,FALSE,TRUE,TRUE,CA,2,5,5
C0273,7/1/2024,7/28/2024,4/1/2025,214,6,0,0,261.08,43.51,0.162,Meta Ads,Meta_Retargeting,31.01,225.49,7.27,0.221,0.184,0.041,Apparel,Mid,Churned,FALSE,FALSE,TRUE,TRUE,US,3,5,4
C0274,5/1/2023,5/30/2023,9/11/2023,782,1,0,0,38.55,38.55,0.032,Organic,SEO_Blog,3.51,40.16,11.44,0.166,0.139,0.023,Skincare,Mid,Churned,FALSE,FALSE,TRUE,TRUE,AU,1,1,1
C0275,11/1/2023,11/10/2023,8/7/2024,451,8,0,0,323.15,40.39,0.061,Google Ads,Shopping_Campaign,33.5,280.43,8.37,0.282,0.099,0.028,Accessories,Mid,Churned,FALSE,FALSE,TRUE,FALSE,IN,2,5,5
C0276,7/1/2024,7/23/2024,10/23/2024,374,1,0,0,22.16,22.16,0.249,Organic,SEO_Landing,13.2,23.41,1.77,0.091,0.236,0.022,Apparel,Low,Churned,FALSE,FALSE,TRUE,TRUE,EU_Other,2,1,1
C0277,11/1/2023,11/1/2023,8/19/2024,439,1,0,0,44.72,44.72,0.242,Meta Ads,Meta_Prospecting,28.02,47.69,1.7,0.321,0.32,0.103,Apparel,Mid,Churned,FALSE,FALSE,TRUE,TRUE,UK,2,1,1
C0278,11/1/2024,11/12/2024,5/27/2025,158,1,0,0,27.83,27.83,0.147,Influencer,TikTok_Creator_Summer,51.32,14.13,0.28,0.714,0.182,0.13,Apparel,Low,At-risk,FALSE,FALSE,FALSE,FALSE,EU_Other,4,1,1
C0279,4/1/2025,4/17/2025,8/5/2025,88,6,3,0,294.72,49.12,0.162,Referral,Referral_VIP,9.87,320.78,32.5,0.016,0.2,0.003,Accessories,Mid,Active,FALSE,TRUE,FALSE,FALSE,CA,4,5,5
C0280,9/1/2025,9/29/2025,10/26/2025,6,3,2,2,207.35,69.12,0.074,Organic,Direct_Organic,5,247.1,49.42,0.229,0.13,0.03,Supplements,Mid,Active,TRUE,TRUE,FALSE,TRUE,CA,5,4,4
C0281,3/1/2024,3/19/2024,4/2/2025,213,1,0,0,26.06,26.06,0.066,Organic,SEO_Landing,10.04,28.67,2.86,0.242,0.126,0.03,Accessories,Low,Churned,FALSE,FALSE,TRUE,FALSE,EU_Other,3,1,1
C0282,9/1/2024,9/4/2024,3/28/2025,218,2,0,0,221.02,110.51,0.08,Referral,Referral_VIP,19.91,257.72,12.94,0.329,0.076,0.025,Home Decor,Premium,Churned,FALSE,FALSE,TRUE,TRUE,EU_Other,3,3,4
C0283,9/1/2025,9/19/2025,10/26/2025,6,3,1,1,146.18,48.73,0.163,Organic,SEO_Landing,9.93,141.46,14.25,0.26,0.2,0.052,Accessories,Mid,Active,TRUE,TRUE,FALSE,FALSE,AU,5,4,3
C0284,9/1/2023,9/21/2023,11/9/2023,723,1,0,0,25.27,25.27,0.155,Meta Ads,Meta_BF_Sale,26.16,22.11,0.85,0.319,0.13,0.041,Apparel,Mid,Churned,FALSE,FALSE,TRUE,TRUE,US,1,1,1
C0285,9/1/2025,9/30/2025,10/26/2025,6,6,1,1,358.97,59.83,0.066,Organic,SEO_Blog,10.96,324.59,29.62,0.13,0.35,0.045,Skincare,Mid,Active,TRUE,TRUE,FALSE,TRUE,IN,5,5,5
C0286,1/1/2023,1/5/2023,4/3/2023,943,5,0,0,355.71,71.14,0.062,Organic,Direct_Organic,6.98,333.15,47.73,0.066,0.081,0.005,Accessories,Mid,Churned,FALSE,FALSE,TRUE,FALSE,AU,1,5,5
C0287,2/1/2025,2/12/2025,6/14/2025,140,2,0,0,39.01,19.5,0.118,Google Ads,Generic_Search,21.5,36,1.67,0.334,0.197,0.066,Accessories,Low,At-risk,FALSE,FALSE,FALSE,TRUE,UK,4,3,1
C0288,5/1/2025,5/26/2025,9/21/2025,41,7,2,0,427.95,61.14,0.248,Organic,SEO_Blog,8.43,537.83,63.8,0.157,0.25,0.039,Apparel,Mid,Active,FALSE,TRUE,FALSE,TRUE,EU_Other,5,5,5
C0289,9/1/2025,9/18/2025,10/8/2025,24,2,2,1,134.86,67.43,0.072,Referral,Referral_VIP,19.36,150.35,7.77,0.107,0.323,0.035,Skincare,Mid,Active,TRUE,TRUE,FALSE,TRUE,UK,5,3,3
C0290,6/1/2025,6/2/2025,9/28/2025,34,8,2,0,1101.16,137.65,0.083,Referral,Referral_Program,7.63,1245.52,163.24,0.174,0.089,0.015,Skincare,High,Active,FALSE,TRUE,FALSE,TRUE,UK,5,5,5
C0291,2/1/2023,2/16/2023,3/3/2023,974,3,0,0,520.57,173.52,0.164,Google Ads,Brand_Search,37.25,388.47,10.43,0.397,0.243,0.096,Home Decor,Premium,Churned,FALSE,FALSE,TRUE,TRUE,AU,1,4,5
C0292,5/1/2025,5/16/2025,10/23/2025,9,3,3,2,112.86,37.62,0.166,Meta Ads,Meta_BF_Sale,19.02,107.83,5.67,0.326,0.236,0.077,Accessories,Mid,Active,TRUE,TRUE,FALSE,FALSE,IN,5,4,3
C0293,4/1/2025,4/2/2025,8/6/2025,87,1,1,0,66.66,66.66,0.07,Referral,Referral_Program,13.04,67.65,5.19,0.088,0.183,0.016,Skincare,Mid,Active,FALSE,TRUE,FALSE,TRUE,CA,4,1,2
C0294,7/1/2025,7/24/2025,10/3/2025,29,6,4,1,299.88,49.98,0.013,Influencer,TikTok_Creator_Summer,33.87,257.54,7.6,0.85,0.09,0.077,Skincare,Mid,Active,TRUE,TRUE,FALSE,TRUE,US,5,5,5
C0295,10/1/2024,10/17/2024,4/13/2025,202,2,0,0,234.23,117.12,0.047,Meta Ads,Meta_BF_Sale,24.01,250.45,10.43,0.355,0.296,0.105,Supplements,High,Churned,FALSE,FALSE,TRUE,FALSE,CA,3,3,4
C0296,9/1/2023,9/26/2023,1/17/2024,654,1,0,0,56.7,56.7,0.013,Referral,Referral_Program,16.34,79.17,4.85,0.388,0.186,0.072,Supplements,Mid,Churned,FALSE,FALSE,TRUE,TRUE,IN,1,1,1
C0297,1/1/2024,1/5/2024,7/8/2024,481,1,0,0,135.86,135.86,0.083,Influencer,TikTok_Creator_Summer,43.9,114.31,2.6,0.653,0.222,0.145,Skincare,High,Churned,FALSE,FALSE,TRUE,TRUE,CA,2,1,3
C0298,9/1/2024,9/27/2024,7/3/2025,121,3,0,0,376.74,125.58,0.092,Google Ads,Generic_Search,36.62,335,9.15,0.473,0.307,0.145,Home Decor,High,At-risk,FALSE,FALSE,FALSE,TRUE,EU_Other,4,4,5
C0299,10/1/2024,10/18/2024,6/3/2025,151,2,0,0,110.46,55.23,0.061,Organic,Direct_Organic,11.93,122.38,10.26,0.051,0.181,0.009,Skincare,Mid,At-risk,FALSE,FALSE,FALSE,TRUE,EU_Other,4,3,3
C0300,4/1/2023,4/30/2023,8/14/2023,810,4,0,0,240.44,60.11,0.156,Google Ads,Shopping_Campaign,43.18,186.64,4.32,0.286,0.287,0.082,Apparel,High,Churned,FALSE,FALSE,TRUE,TRUE,AU,1,4,4
C0301,4/1/2025,4/10/2025,8/12/2025,81,6,1,0,252.14,42.02,0.167,Meta Ads,Meta_BF_Sale,19.69,248.31,12.61,0.441,0.246,0.109,Accessories,Mid,Active,FALSE,TRUE,FALSE,FALSE,UK,4,5,4
C0302,1/1/2025,1/10/2025,5/15/2025,170,1,0,0,114.87,114.87,0.165,Google Ads,Shopping_Campaign,29.98,121.9,4.07,0.499,0.072,0.036,Home Decor,High,At-risk,FALSE,FALSE,FALSE,TRUE,IN,4,1,3
C0303,4/1/2023,4/27/2023,7/24/2023,831,4,0,0,210.65,52.66,0.18,Influencer,TikTok_Creator_Summer,36.1,89.62,2.48,0.512,0.172,0.088,Apparel,Mid,Churned,FALSE,FALSE,TRUE,TRUE,IN,1,4,4
C0304,3/1/2025,3/1/2025,6/15/2025,139,1,0,0,31.38,31.38,0.162,Meta Ads,Meta_Retargeting,34.85,35.94,1.03,0.339,0.056,0.019,Home Decor,Mid,At-risk,FALSE,FALSE,FALSE,TRUE,CA,4,1,1
C0305,10/1/2025,10/9/2025,10/23/2025,9,5,4,1,139.27,27.85,0.153,Google Ads,Shopping_Campaign,43.18,116.48,2.7,0.137,0.254,0.035,Apparel,Mid,Active,TRUE,TRUE,FALSE,TRUE,AU,5,5,3
C0306,9/1/2024,9/25/2024,4/23/2025,192,5,0,0,137.27,27.45,0.13,Google Ads,Brand_Search,33.5,145.48,4.34,0.452,0.204,0.092,Accessories,Low,Churned,FALSE,FALSE,TRUE,TRUE,CA,3,5,3
C0307,5/1/2024,5/27/2024,4/26/2025,189,2,0,0,72.5,36.25,0.179,Google Ads,Brand_Search,41.05,78.04,1.9,0.316,0.127,0.04,Accessories,Mid,Churned,FALSE,FALSE,TRUE,TRUE,CA,3,3,2
C0308,3/1/2025,3/12/2025,7/15/2025,109,4,0,0,371.32,92.83,0.033,Referral,Referral_Program,12.81,470.96,36.77,0.307,0.276,0.085,Supplements,High,At-risk,FALSE,FALSE,FALSE,TRUE,IN,4,4,5
C0309,7/1/2024,7/13/2024,12/10/2024,326,2,0,0,50.18,25.09,0.291,Google Ads,Brand_Search,35.59,48.46,1.36,0.335,0.114,0.038,Apparel,Low,Churned,FALSE,FALSE,TRUE,FALSE,CA,3,3,1
C0310,5/1/2024,5/2/2024,5/5/2025,180,2,0,0,294.55,147.28,0.019,Google Ads,Brand_Search,22.23,259.53,11.67,0.139,0.069,0.01,Supplements,High,At-risk,FALSE,FALSE,FALSE,TRUE,UK,3,3,5
C0311,6/1/2025,6/15/2025,10/2/2025,30,5,4,3,218.44,43.69,0.104,Organic,Direct_Organic,11.33,269.6,23.8,0.178,0.298,0.053,Apparel,Mid,Active,TRUE,TRUE,FALSE,TRUE,CA,5,5,4
C0312,12/1/2024,12/4/2024,1/15/2025,290,2,0,0,109.96,54.98,0.073,Google Ads,Generic_Search,23.19,119.27,5.14,0.443,0.189,0.084,Supplements,Mid,Churned,FALSE,FALSE,TRUE,FALSE,UK,3,3,3
C0313,8/1/2024,8/3/2024,2/1/2025,273,2,0,0,110.67,55.34,0.06,Meta Ads,Meta_BF_Sale,31.52,122.85,3.9,0.514,0.334,0.172,Accessories,Mid,Churned,FALSE,FALSE,TRUE,TRUE,IN,3,3,3
C0314,2/1/2025,2/28/2025,8/30/2025,63,2,2,0,94.48,47.24,0.179,Google Ads,Brand_Search,39.55,89.64,2.27,0.21,0.169,0.036,Home Decor,Mid,Active,FALSE,TRUE,FALSE,TRUE,AU,4,3,2
C0315,5/1/2025,5/10/2025,9/14/2025,48,5,3,0,279.83,55.97,0.077,Meta Ads,Meta_Prospecting,29.17,291.78,10,0.573,0.151,0.087,Supplements,Mid,Active,FALSE,TRUE,FALSE,TRUE,EU_Other,4,5,4
C0316,9/1/2023,9/4/2023,5/11/2024,539,2,0,0,124.52,62.26,0.127,Meta Ads,Meta_BF_Sale,15.72,141.93,9.03,0.566,0.344,0.195,Apparel,Mid,Churned,FALSE,FALSE,TRUE,TRUE,UK,2,3,3
C0317,6/1/2023,6/3/2023,1/12/2024,659,1,0,0,39.54,39.54,0.208,Google Ads,Shopping_Campaign,27.58,36.24,1.31,0.365,0.295,0.108,Apparel,Mid,Churned,FALSE,FALSE,TRUE,TRUE,AU,1,1,1
C0318,9/1/2025,9/23/2025,10/24/2025,8,4,2,2,65.66,16.42,0.078,Google Ads,Generic_Search,26.58,67.07,2.52,0.4,0.26,0.104,Accessories,Low,Active,TRUE,TRUE,FALSE,TRUE,AU,5,4,2
C0319,11/1/2024,11/27/2024,7/12/2025,112,5,0,0,347.53,69.51,0.186,Referral,Referral_VIP,10.4,418.27,40.22,0.123,0.067,0.008,Apparel,Mid,At-risk,FALSE,FALSE,FALSE,TRUE,UK,4,5,5
C0320,10/1/2025,10/5/2025,10/20/2025,12,1,1,1,75.16,75.16,0.016,Google Ads,Shopping_Campaign,22.19,54.49,2.46,0.237,0.25,0.059,Skincare,Mid,New,TRUE,TRUE,FALSE,TRUE,IN,5,1,2
C0321,4/1/2023,4/4/2023,11/10/2023,722,1,0,0,85.1,85.1,0.079,Organic,Direct_Organic,14.05,89.66,6.38,0.031,0.054,0.002,Home Decor,High,Churned,FALSE,FALSE,TRUE,TRUE,US,1,1,2
C0322,8/1/2025,8/15/2025,9/24/2025,38,1,1,0,59.84,59.84,0.035,Organic,Direct_Organic,8.31,64.49,7.76,0.042,0.265,0.011,Supplements,Mid,Active,FALSE,TRUE,FALSE,TRUE,AU,5,1,2
C0323,10/1/2025,10/8/2025,10/20/2025,12,2,2,1,134.23,67.11,0.107,Meta Ads,Meta_BF_Sale,21.11,114.99,5.45,0.589,0.345,0.203,Home Decor,Mid,Active,TRUE,TRUE,FALSE,FALSE,AU,5,3,3
C0324,3/1/2024,3/28/2024,2/25/2025,249,2,0,0,57.83,28.92,0.197,Organic,SEO_Blog,5.95,54.42,9.15,0.148,0.311,0.046,Accessories,Low,Churned,FALSE,FALSE,TRUE,FALSE,IN,3,3,1
C0325,6/1/2025,6/30/2025,9/14/2025,48,4,3,0,249.9,62.48,0.067,Meta Ads,Meta_Retargeting,23.94,253.45,10.59,0.495,0.2,0.099,Supplements,Mid,Active,FALSE,TRUE,FALSE,FALSE,IN,4,4,4
C0326,8/1/2023,8/6/2023,1/26/2024,645,3,0,0,161.72,53.91,0.062,Referral,Referral_VIP,14.01,167.23,11.94,0.229,0.091,0.021,Supplements,Mid,Churned,FALSE,FALSE,TRUE,TRUE,CA,1,4,4
C0327,4/1/2024,4/18/2024,7/24/2024,465,3,0,0,242.69,80.9,0.058,Meta Ads,Meta_Prospecting,25.31,223.56,8.83,0.575,0.156,0.089,Skincare,Mid,Churned,FALSE,FALSE,TRUE,TRUE,IN,2,4,4
C0328,3/1/2024,3/7/2024,2/15/2025,259,2,0,0,52.35,26.18,0.176,Google Ads,Brand_Search,42.98,52.24,1.22,0.278,0.251,0.07,Accessories,Low,Churned,FALSE,FALSE,TRUE,TRUE,AU,3,3,1
C0329,12/1/2023,12/7/2023,3/6/2024,605,5,0,0,107.68,21.54,0.168,Meta Ads,Meta_BF_Sale,24.94,127.68,5.12,0.334,0.126,0.042,Apparel,Low,Churned,FALSE,FALSE,TRUE,TRUE,UK,2,5,3
C0330,7/1/2024,7/4/2024,12/14/2024,322,2,0,0,262.63,131.32,0.074,Referral,Referral_VIP,19.88,338.04,17,0.252,0.057,0.015,Skincare,High,Churned,FALSE,FALSE,TRUE,TRUE,US,3,3,4
C0331,12/1/2023,12/23/2023,7/2/2024,487,7,0,0,771.61,110.23,0.099,Google Ads,Brand_Search,41.29,846.49,20.5,0.388,0.204,0.079,Skincare,High,Churned,FALSE,FALSE,TRUE,TRUE,CA,2,5,5
C0332,1/1/2023,1/23/2023,1/8/2024,663,3,0,0,351.13,117.04,0.091,Organic,Direct_Organic,3.13,414.1,132.3,0.182,0.24,0.044,Home Decor,High,Churned,FALSE,FALSE,TRUE,TRUE,UK,1,4,5
C0333,6/1/2024,6/5/2024,11/11/2024,355,1,0,0,179.48,179.48,0.138,Meta Ads,Meta_Retargeting,33.61,164.68,4.9,0.411,0.225,0.092,Home Decor,Premium,Churned,FALSE,FALSE,TRUE,TRUE,US,2,1,4
C0334,3/1/2025,3/12/2025,7/21/2025,103,3,0,0,333.79,111.26,0.16,Organic,Direct_Organic,1.75,390.14,222.94,0.205,0.276,0.057,Home Decor,High,At-risk,FALSE,FALSE,FALSE,FALSE,US,4,4,5
C0335,1/1/2025,1/31/2025,9/11/2025,51,2,2,0,82.27,41.14,0.092,Meta Ads,Meta_Prospecting,31.35,88.92,2.84,0.491,0.311,0.153,Skincare,Mid,Active,FALSE,TRUE,FALSE,TRUE,US,4,3,2
C0336,3/1/2024,3/17/2024,9/19/2024,408,3,0,0,41.73,13.91,0.244,Influencer,IG_Influencer_Spring,45.22,24.45,0.54,0.495,0.17,0.084,Apparel,Low,Churned,FALSE,FALSE,TRUE,TRUE,EU_Other,2,4,1
C0337,2/1/2025,2/7/2025,8/30/2025,63,1,1,0,151.2,151.2,0.03,Meta Ads,Meta_BF_Sale,32.56,122.03,3.75,0.579,0.169,0.098,Supplements,High,Active,FALSE,TRUE,FALSE,TRUE,UK,4,1,3
C0338,10/1/2025,10/12/2025,10/24/2025,8,1,1,1,114.57,114.57,0.092,Meta Ads,Meta_BF_Sale,32.36,123.88,3.83,0.25,0.208,0.052,Home Decor,High,New,TRUE,TRUE,FALSE,TRUE,CA,5,1,3
C0339,5/1/2024,5/30/2024,3/28/2025,218,5,0,0,320.55,64.11,0.104,Meta Ads,Meta_Prospecting,31.12,259.22,8.33,0.244,0.111,0.027,Apparel,Mid,Churned,FALSE,FALSE,TRUE,TRUE,CA,3,5,5
C0340,3/1/2025,3/2/2025,6/24/2025,130,1,0,0,28.09,28.09,0.164,Google Ads,Shopping_Campaign,39.75,26.76,0.67,0.499,0.212,0.106,Accessories,Mid,At-risk,FALSE,FALSE,FALSE,TRUE,US,4,1,1
C0341,12/1/2023,12/2/2023,6/19/2024,500,5,0,0,692.59,138.52,0.056,Organic,SEO_Landing,4.57,668.66,146.32,0.085,0.348,0.03,Home Decor,High,Churned,FALSE,FALSE,TRUE,TRUE,UK,2,5,5
C0342,9/1/2023,9/15/2023,3/30/2024,581,1,0,0,99.42,99.42,0.071,Meta Ads,Meta_BF_Sale,16.62,102.03,6.14,0.587,0.182,0.107,Supplements,High,Churned,FALSE,FALSE,TRUE,FALSE,EU_Other,2,2,2
C0343,5/1/2024,5/11/2024,5/5/2025,180,3,0,0,133.98,44.66,0.068,Influencer,TikTok_Creator_Summer,46.12,87.35,1.89,0.53,0.302,0.16,Accessories,Mid,At-risk,FALSE,FALSE,FALSE,FALSE,US,3,4,3
C0344,6/1/2025,6/14/2025,10/23/2025,9,3,2,1,81.77,27.26,0.076,Google Ads,Brand_Search,24.34,57.68,2.37,0.386,0.256,0.099,Accessories,Low,Active,TRUE,TRUE,FALSE,FALSE,IN,5,4,2
C0345,6/1/2023,6/9/2023,11/26/2023,706,2,0,0,182.82,91.41,0.043,Google Ads,Generic_Search,37.37,154.51,4.13,0.457,0.257,0.117,Supplements,High,Churned,FALSE,FALSE,TRUE,FALSE,CA,1,3,4
C0346,5/1/2025,5/1/2025,10/3/2025,29,2,1,1,204.9,102.45,0.146,Google Ads,Brand_Search,28.65,192.7,6.73,0.214,0.258,0.055,Home Decor,High,Active,TRUE,TRUE,FALSE,TRUE,AU,5,3,4
C0347,11/1/2024,11/20/2024,1/28/2025,277,1,0,0,56.65,56.65,0.023,Google Ads,Brand_Search,44.39,58.88,1.33,0.222,0.278,0.062,Skincare,Mid,Churned,FALSE,FALSE,TRUE,TRUE,US,3,2,1
C0348,1/1/2024,1/15/2024,4/13/2025,202,1,0,0,140.53,140.53,0.041,Organic,SEO_Landing,9.61,176.43,18.36,0.186,0.073,0.014,Supplements,High,Churned,FALSE,FALSE,TRUE,TRUE,IN,3,2,3
C0349,8/1/2025,8/14/2025,10/15/2025,17,2,1,1,158.16,79.08,0.044,Meta Ads,Meta_BF_Sale,31.45,157.14,5,0.405,0.153,0.062,Supplements,Mid,Active,TRUE,TRUE,FALSE,TRUE,CA,5,3,3
C0350,11/1/2024,11/21/2024,5/12/2025,173,3,0,0,459.4,153.13,0.025,Meta Ads,Meta_BF_Sale,17.65,501.37,28.41,0.331,0.231,0.076,Supplements,High,At-risk,FALSE,FALSE,FALSE,TRUE,EU_Other,3,4,5
C0351,10/1/2023,10/12/2023,8/2/2024,456,6,0,0,66.5,11.08,0.067,Influencer,TikTok_Creator_Summer,64.48,37.12,0.58,0.561,0.283,0.159,Accessories,Low,Churned,FALSE,FALSE,TRUE,FALSE,UK,2,5,2
C0352,2/1/2024,2/1/2024,3/7/2025,239,5,0,0,168.42,33.68,0.267,Referral,Referral_VIP,18.84,191.47,10.16,0.028,0.248,0.007,Apparel,Mid,Churned,FALSE,FALSE,TRUE,TRUE,CA,3,5,4
C0353,1/1/2023,1/12/2023,9/10/2023,783,4,0,0,97.79,24.45,0.055,Google Ads,Shopping_Campaign,32.18,76.06,2.36,0.424,0.252,0.107,Skincare,Mid,Churned,FALSE,FALSE,TRUE,TRUE,UK,1,4,2
C0354,5/1/2024,5/13/2024,12/17/2024,319,4,0,0,341.94,85.48,0.052,Meta Ads,Meta_Prospecting,27.13,350.41,12.92,0.399,0.335,0.134,Home Decor,High,Churned,FALSE,FALSE,TRUE,TRUE,UK,3,4,5
C0355,1/1/2025,1/23/2025,8/25/2025,68,3,1,0,127.49,42.5,0.154,Organic,SEO_Blog,11.47,130.78,11.4,0.09,0.056,0.005,Home Decor,Mid,Active,FALSE,TRUE,FALSE,FALSE,EU_Other,4,4,3
C0356,2/1/2023,2/4/2023,8/11/2023,813,1,0,0,46.57,46.57,0.296,Google Ads,Brand_Search,24.37,34.17,1.4,0.273,0.06,0.016,Apparel,Mid,Churned,FALSE,FALSE,TRUE,TRUE,EU_Other,1,2,1
C0357,12/1/2024,12/27/2024,4/12/2025,203,6,0,0,296.79,49.46,0.052,Meta Ads,Meta_Prospecting,25.05,318.75,12.72,0.582,0.113,0.066,Supplements,Mid,Churned,FALSE,FALSE,TRUE,FALSE,US,3,5,5
C0358,4/1/2025,4/28/2025,10/31/2025,1,3,3,3,305.22,101.74,0.055,Meta Ads,Meta_BF_Sale,22.97,330.58,14.39,0.516,0.282,0.146,Skincare,High,Active,TRUE,TRUE,FALSE,FALSE,US,5,4,5
C0359,3/1/2023,3/31/2023,10/20/2023,743,3,0,0,519.71,173.24,0.164,Organic,Direct_Organic,2.2,542.58,246.63,0.065,0.236,0.015,Home Decor,Premium,Churned,FALSE,FALSE,TRUE,FALSE,CA,1,4,5
C0360,2/1/2025,2/14/2025,6/4/2025,150,1,0,0,108.75,108.75,0.174,Organic,SEO_Landing,5.51,101.21,18.37,0.014,0.195,0.003,Home Decor,Premium,At-risk,FALSE,FALSE,FALSE,FALSE,EU_Other,4,2,3
C0361,8/1/2024,8/27/2024,2/11/2025,263,2,0,0,185.63,92.82,0.063,Meta Ads,Meta_Retargeting,16.36,180.16,11.01,0.206,0.326,0.067,Supplements,High,Churned,FALSE,FALSE,TRUE,TRUE,IN,3,3,4
C0362,8/1/2025,8/27/2025,10/6/2025,26,2,2,1,85.06,42.53,0.189,Meta Ads,Meta_BF_Sale,15.52,83.1,5.35,0.59,0.117,0.069,Apparel,Mid,Active,TRUE,TRUE,FALSE,TRUE,CA,5,3,2
C0363,10/1/2025,10/18/2025,10/30/2025,2,5,4,3,266.79,53.36,0.063,Meta Ads,Meta_BF_Sale,17.7,284.79,16.09,0.283,0.276,0.078,Skincare,Mid,Active,TRUE,TRUE,FALSE,TRUE,AU,5,5,4
C0364,2/1/2024,2/22/2024,7/17/2024,472,2,0,0,46.52,23.26,0.24,Organic,SEO_Blog,14.45,47.74,3.3,0.076,0.319,0.024,Apparel,Low,Churned,FALSE,FALSE,TRUE,TRUE,UK,2,3,1
C0365,4/1/2023,4/25/2023,7/18/2023,837,2,0,0,142.11,71.06,0.139,Meta Ads,Meta_Prospecting,25.99,152.49,5.87,0.43,0.155,0.067,Apparel,Mid,Churned,FALSE,FALSE,TRUE,TRUE,UK,1,3,3
C0366,9/1/2024,9/8/2024,2/18/2025,256,7,0,0,948.76,135.54,0.05,Meta Ads,Meta_Retargeting,34.32,1089.74,31.75,0.533,0.198,0.106,Skincare,High,Churned,FALSE,FALSE,TRUE,FALSE,US,3,5,5
C0367,4/1/2025,4/5/2025,7/2/2025,122,1,0,0,92.23,92.23,0.085,Influencer,IG_Influencer_Spring,47.3,47.84,1.01,0.856,0.328,0.281,Skincare,High,At-risk,FALSE,FALSE,FALSE,TRUE,IN,4,2,2
C0368,2/1/2024,2/17/2024,3/13/2025,233,2,0,0,97.01,48.5,0.135,Meta Ads,Meta_Retargeting,21.24,115.59,5.44,0.266,0.051,0.013,Home Decor,Mid,Churned,FALSE,FALSE,TRUE,FALSE,EU_Other,3,3,2
C0369,12/1/2024,12/29/2024,7/29/2025,95,1,0,0,167.49,167.49,0.103,Organic,Direct_Organic,7.59,176.63,23.27,0.295,0.322,0.095,Home Decor,Premium,At-risk,FALSE,FALSE,FALSE,TRUE,EU_Other,4,2,4
C0370,10/1/2025,10/17/2025,10/26/2025,6,4,1,1,194.57,48.64,0.07,Meta Ads,Meta_Prospecting,23.79,176.46,7.42,0.222,0.3,0.067,Skincare,Mid,Active,TRUE,TRUE,FALSE,TRUE,US,5,4,4
C0371,1/1/2025,1/30/2025,6/21/2025,133,6,0,0,358.48,59.75,0.068,Meta Ads,Meta_Retargeting,17.11,347.23,20.29,0.383,0.128,0.049,Accessories,Mid,At-risk,FALSE,FALSE,FALSE,FALSE,AU,4,5,5
C0372,11/1/2024,11/6/2024,6/21/2025,133,1,0,0,28.82,28.82,0.102,Meta Ads,Meta_Retargeting,27.82,24.14,0.87,0.551,0.109,0.06,Home Decor,Mid,At-risk,FALSE,FALSE,FALSE,TRUE,CA,4,2,1
C0373,4/1/2024,4/1/2024,2/9/2025,265,5,0,0,153.93,30.79,0.169,Organic,Direct_Organic,3.24,146.28,45.15,0.284,0.112,0.032,Accessories,Low,Churned,FALSE,FALSE,TRUE,TRUE,CA,3,5,3
C0374,7/1/2025,7/8/2025,10/31/2025,1,1,1,1,82.85,82.85,0.03,Influencer,IG_Influencer_Spring,54.78,50.31,0.92,0.707,0.117,0.083,Skincare,Mid,New,TRUE,TRUE,FALSE,TRUE,IN,5,2,2
C0375,7/1/2023,7/11/2023,3/6/2024,605,6,0,0,629.12,104.85,0.074,Influencer,TikTok_Creator_Summer,56.01,491.48,8.77,0.673,0.255,0.172,Home Decor,High,Churned,FALSE,FALSE,TRUE,TRUE,US,2,5,5
C0376,1/1/2025,1/8/2025,6/17/2025,137,4,0,0,78.61,19.65,0.29,Google Ads,Brand_Search,23.8,83.34,3.5,0.176,0.206,0.036,Apparel,Low,At-risk,FALSE,FALSE,FALSE,TRUE,US,4,4,2
C0377,9/1/2025,9/4/2025,10/14/2025,18,5,4,2,302.77,60.55,0.029,Organic,SEO_Landing,0.92,353.01,383.71,0.141,0.071,0.01,Skincare,Mid,Active,TRUE,TRUE,FALSE,TRUE,AU,5,5,5
C0378,10/1/2025,10/5/2025,10/27/2025,5,1,1,1,141.37,141.37,0.028,Meta Ads,Meta_Prospecting,30.62,119.05,3.89,0.527,0.151,0.079,Supplements,High,New,TRUE,TRUE,FALSE,TRUE,CA,5,2,3
C0379,4/1/2023,4/6/2023,11/29/2023,703,7,0,0,310.52,44.36,0.195,Meta Ads,Meta_BF_Sale,24.2,331.89,13.71,0.43,0.204,0.088,Accessories,Mid,Churned,FALSE,FALSE,TRUE,TRUE,US,1,5,5
C0380,10/1/2024,10/24/2024,7/12/2025,112,4,0,0,529.75,132.44,0.076,Influencer,TikTok_Creator_Summer,32.33,380.21,11.76,0.657,0.082,0.054,Skincare,High,At-risk,FALSE,FALSE,FALSE,TRUE,EU_Other,4,4,5
C0381,2/1/2023,2/6/2023,11/13/2023,719,2,0,0,124.83,62.42,0.073,Meta Ads,Meta_Retargeting,34.9,140.1,4.01,0.369,0.186,0.069,Skincare,Mid,Churned,FALSE,FALSE,TRUE,TRUE,IN,1,3,3
C0382,10/1/2023,10/6/2023,1/22/2024,649,5,0,0,400.36,80.07,0.161,Meta Ads,Meta_Prospecting,16.16,452.45,28,0.493,0.302,0.149,Home Decor,Mid,Churned,FALSE,FALSE,TRUE,TRUE,CA,1,5,5
C0383,8/1/2023,8/5/2023,8/14/2023,810,1,0,0,104.51,104.51,0.065,Meta Ads,Meta_Prospecting,28.9,119.9,4.15,0.418,0.076,0.032,Home Decor,High,Churned,FALSE,FALSE,TRUE,FALSE,AU,1,2,2
C0384,5/1/2025,5/16/2025,8/8/2025,85,5,1,0,302.95,60.59,0.142,Meta Ads,Meta_Retargeting,34.67,292.54,8.44,0.295,0.099,0.029,Home Decor,High,Active,FALSE,TRUE,FALSE,TRUE,IN,4,5,5
C0385,5/1/2025,5/22/2025,10/30/2025,2,1,1,1,36.76,36.76,0.045,Meta Ads,Meta_BF_Sale,19.78,39.67,2.01,0.25,0.16,0.04,Supplements,Mid,New,TRUE,TRUE,FALSE,TRUE,UK,5,2,1
C0386,3/1/2023,3/3/2023,4/12/2023,934,4,0,0,202.73,50.68,0.158,Organic,SEO_Blog,2.13,204.21,95.87,0.069,0.115,0.008,Home Decor,Mid,Churned,FALSE,FALSE,TRUE,TRUE,EU_Other,1,4,4
C0387,8/1/2024,8/18/2024,11/28/2024,338,2,0,0,142.43,71.22,0.056,Google Ads,Brand_Search,23.03,156.64,6.8,0.122,0.055,0.007,Skincare,Mid,Churned,FALSE,FALSE,TRUE,FALSE,AU,2,3,3
C0388,12/1/2024,12/29/2024,3/11/2025,235,1,0,0,43.65,43.65,0.131,Influencer,TikTok_Creator_Summer,42.13,21.29,0.51,0.451,0.102,0.046,Home Decor,Mid,Churned,FALSE,FALSE,TRUE,TRUE,IN,3,2,1
C0389,2/1/2024,2/1/2024,10/30/2024,367,1,0,0,22.65,22.65,0.196,Influencer,IG_Influencer_Spring,34.04,9.17,0.27,0.615,0.203,0.125,Apparel,Low,Churned,FALSE,FALSE,TRUE,TRUE,US,2,2,1
C0390,11/1/2024,11/29/2024,5/4/2025,181,1,0,0,62.39,62.39,0.112,Google Ads,Shopping_Campaign,37.3,47.39,1.27,0.156,0.177,0.028,Home Decor,Mid,Churned,FALSE,FALSE,TRUE,TRUE,UK,3,2,2
C0391,6/1/2023,6/26/2023,2/21/2024,619,2,0,0,85.24,42.62,0.064,Meta Ads,Meta_Retargeting,16.25,94.65,5.82,0.337,0.105,0.035,Supplements,Mid,Churned,FALSE,FALSE,TRUE,TRUE,AU,1,3,2
C0392,1/1/2024,1/31/2024,3/29/2025,217,2,0,0,78.72,39.36,0.226,Google Ads,Shopping_Campaign,32.74,69.17,2.11,0.103,0.19,0.02,Apparel,Mid,Churned,FALSE,FALSE,TRUE,TRUE,US,3,3,2
C0393,3/1/2024,3/20/2024,2/16/2025,258,3,0,0,118.91,39.64,0.067,Organic,SEO_Landing,14.95,128.3,8.58,0.206,0.118,0.024,Skincare,Mid,Churned,FALSE,FALSE,TRUE,TRUE,EU_Other,3,4,3
C0394,3/1/2023,3/17/2023,1/1/2024,670,1,0,0,73.75,73.75,0.051,Meta Ads,Meta_BF_Sale,31.28,87.17,2.79,0.253,0.316,0.08,Skincare,Mid,Churned,FALSE,FALSE,TRUE,TRUE,UK,1,2,2
C0395,9/1/2023,9/22/2023,2/29/2024,611,1,0,0,36.84,36.84,0.13,Organic,Direct_Organic,9.23,46.71,5.06,0.083,0.117,0.01,Accessories,Low,Churned,FALSE,FALSE,TRUE,FALSE,CA,1,2,1
C0396,3/1/2024,3/30/2024,8/24/2024,434,4,0,0,52.15,13.04,0.249,Google Ads,Shopping_Campaign,27.66,43,1.55,0.443,0.295,0.131,Apparel,Low,Churned,FALSE,FALSE,TRUE,TRUE,US,2,4,1
C0397,12/1/2024,12/18/2024,4/30/2025,185,1,0,0,47.8,47.8,0.174,Organic,Direct_Organic,9.36,47.02,5.02,0.135,0.197,0.026,Accessories,Mid,Churned,FALSE,FALSE,TRUE,TRUE,IN,3,2,1
C0398,1/1/2025,1/4/2025,10/22/2025,10,6,4,2,370.19,61.7,0.239,Google Ads,Brand_Search,33.18,384.77,11.6,0.187,0.073,0.014,Apparel,Mid,Active,TRUE,TRUE,FALSE,TRUE,AU,5,5,5
C0399,4/1/2025,4/30/2025,7/18/2025,106,5,0,0,235.94,47.19,0.285,Meta Ads,Meta_Prospecting,23.52,274.26,11.66,0.429,0.08,0.034,Apparel,Mid,At-risk,FALSE,FALSE,FALSE,FALSE,UK,4,5,4
C0400,5/1/2023,5/24/2023,6/14/2023,871,3,0,0,147.33,49.11,0.067,Referral,Referral_Program,6.96,179.25,25.75,0.18,0.332,0.06,Supplements,Mid,Churned,FALSE,FALSE,TRUE,FALSE,US,1,4,3
C0401,6/1/2025,6/3/2025,8/22/2025,71,3,3,0,95.6,31.87,0.134,Influencer,TikTok_Creator_Summer,65.46,68.33,1.04,0.876,0.122,0.107,Accessories,Mid,Active,FALSE,TRUE,FALSE,TRUE,CA,4,4,2
C0402,1/1/2024,1/31/2024,4/8/2024,572,6,0,0,437.33,72.89,0.057,Meta Ads,Meta_Retargeting,24,394.81,16.45,0.45,0.192,0.086,Supplements,Mid,Churned,FALSE,FALSE,TRUE,TRUE,AU,2,5,5
C0403,8/1/2025,8/5/2025,10/4/2025,28,1,1,1,46.75,46.75,0.285,Influencer,IG_Influencer_Spring,37.78,37.42,0.99,0.838,0.131,0.11,Apparel,Mid,New,TRUE,TRUE,FALSE,TRUE,AU,5,2,1
C0404,6/1/2025,6/9/2025,8/10/2025,83,1,1,0,35.41,35.41,0.066,Google Ads,Generic_Search,29.19,33.74,1.16,0.101,0.099,0.01,Skincare,Mid,Active,FALSE,TRUE,FALSE,TRUE,US,4,2,1
C0405,7/1/2024,7/22/2024,5/24/2025,161,1,0,0,57.22,57.22,0.265,Influencer,TikTok_Creator_Summer,46.57,37.29,0.8,0.575,0.145,0.083,Apparel,Mid,At-risk,FALSE,FALSE,FALSE,TRUE,CA,4,2,1
C0406,4/1/2023,4/19/2023,12/11/2023,691,4,0,0,135.59,33.9,0.058,Influencer,IG_Influencer_Spring,63.1,58.31,0.92,0.796,0.254,0.202,Supplements,Mid,Churned,FALSE,FALSE,TRUE,TRUE,EU_Other,1,4,3
C0407,7/1/2025,7/23/2025,10/19/2025,13,1,1,1,24.49,24.49,0.133,Google Ads,Brand_Search,38.34,26.12,0.68,0.22,0.187,0.041,Accessories,Low,New,TRUE,TRUE,FALSE,TRUE,EU_Other,5,2,1
C0408,2/1/2024,2/2/2024,2/8/2025,266,3,0,0,153.59,51.2,0.086,Meta Ads,Meta_Prospecting,30.39,160.68,5.29,0.238,0.319,0.076,Accessories,Mid,Churned,FALSE,FALSE,TRUE,TRUE,UK,3,4,3
C0409,9/1/2024,9/25/2024,5/31/2025,154,8,0,0,647.36,80.92,0.04,Meta Ads,Meta_Prospecting,15.22,567.78,37.3,0.574,0.344,0.197,Supplements,Mid,At-risk,FALSE,FALSE,FALSE,TRUE,US,4,5,5
C0410,1/1/2025,1/2/2025,7/11/2025,113,5,0,0,112.32,22.46,0.195,Google Ads,Shopping_Campaign,30.4,105.87,3.48,0.447,0.102,0.046,Accessories,Low,At-risk,FALSE,FALSE,FALSE,TRUE,UK,4,5,3
C0411,8/1/2023,8/23/2023,11/2/2023,730,2,0,0,96.88,48.44,0.136,Organic,Direct_Organic,7.22,113.45,15.71,0.014,0.224,0.003,Home Decor,Mid,Churned,FALSE,FALSE,TRUE,TRUE,EU_Other,1,3,2
C0412,10/1/2024,10/19/2024,3/2/2025,244,1,0,0,80.7,80.7,0.061,Meta Ads,Meta_Retargeting,15.38,81.53,5.3,0.565,0.103,0.058,Skincare,High,Churned,FALSE,FALSE,TRUE,TRUE,AU,3,2,2
C0413,1/1/2025,1/20/2025,10/7/2025,25,5,2,1,228.29,45.66,0.094,Meta Ads,Meta_Retargeting,20.2,248.21,12.29,0.203,0.292,0.059,Skincare,Mid,Active,TRUE,TRUE,FALSE,TRUE,UK,5,5,4
C0414,8/1/2024,8/10/2024,11/14/2024,352,3,0,0,279.95,93.32,0.063,Influencer,TikTok_Creator_Summer,60.41,193.37,3.2,0.438,0.174,0.076,Skincare,High,Churned,FALSE,FALSE,TRUE,TRUE,CA,2,4,4
C0415,10/1/2025,10/29/2025,10/31/2025,1,1,1,1,20.8,20.8,0.129,Referral,Referral_VIP,7.06,28.69,4.06,0.272,0.121,0.033,Accessories,Low,New,TRUE,TRUE,FALSE,TRUE,IN,5,2,1
C0416,8/1/2025,8/11/2025,10/13/2025,19,1,1,1,50.25,50.25,0.164,Google Ads,Brand_Search,33.38,36.25,1.09,0.134,0.281,0.038,Accessories,Mid,New,TRUE,TRUE,FALSE,TRUE,EU_Other,5,2,1
C0417,5/1/2024,5/6/2024,10/14/2024,383,6,0,0,268.8,44.8,0.243,Meta Ads,Meta_Retargeting,19.3,226.46,11.73,0.452,0.347,0.157,Apparel,High,Churned,FALSE,FALSE,TRUE,TRUE,EU_Other,2,5,4
C0418,7/1/2025,7/1/2025,10/13/2025,19,3,1,1,96.51,32.17,0.139,Meta Ads,Meta_Retargeting,15.24,83.91,5.51,0.338,0.069,0.023,Apparel,Mid,Active,TRUE,TRUE,FALSE,TRUE,CA,5,4,2
C0419,6/1/2023,6/19/2023,2/1/2024,639,5,0,0,276.38,55.28,0.052,Meta Ads,Meta_Prospecting,19.82,297.4,15.01,0.494,0.207,0.102,Skincare,Mid,Churned,FALSE,FALSE,TRUE,TRUE,UK,1,5,4
C0420,8/1/2025,8/3/2025,9/13/2025,49,5,3,0,274.65,54.93,0.111,Referral,Referral_VIP,19.64,345.58,17.6,0.085,0.285,0.024,Home Decor,Mid,Active,FALSE,TRUE,FALSE,TRUE,US,4,5,4
C0421,3/1/2025,3/5/2025,9/20/2025,42,3,1,0,69.57,23.19,0.176,Meta Ads,Meta_Prospecting,31.03,80.48,2.59,0.282,0.128,0.036,Apparel,Low,Active,FALSE,TRUE,FALSE,FALSE,AU,5,4,2
C0422,9/1/2024,9/25/2024,3/13/2025,233,2,0,0,94.61,47.3,0.203,Organic,SEO_Blog,14.39,112.88,7.84,0.028,0.17,0.005,Apparel,Mid,Churned,FALSE,FALSE,TRUE,TRUE,IN,3,3,2
C0423,1/1/2023,1/29/2023,3/15/2023,962,2,0,0,47.47,23.74,0.112,Meta Ads,Meta_Prospecting,24.76,47.63,1.92,0.368,0.204,0.075,Accessories,Low,Churned,FALSE,FALSE,TRUE,FALSE,US,1,3,1
C0424,12/1/2023,12/5/2023,2/25/2024,615,2,0,0,110.38,55.19,0.076,Organic,SEO_Blog,1.65,143.13,86.75,0.213,0.322,0.068,Home Decor,Mid,Churned,FALSE,FALSE,TRUE,TRUE,US,1,3,3
C0425,5/1/2024,5/14/2024,5/5/2025,180,2,0,0,126.76,63.38,0.047,Organic,SEO_Landing,8.22,127.58,15.52,0.041,0.066,0.003,Skincare,Mid,At-risk,FALSE,FALSE,FALSE,FALSE,CA,3,3,3
C0426,5/1/2024,5/25/2024,4/12/2025,203,4,0,0,462.89,115.72,0.114,Influencer,IG_Influencer_Spring,48.18,377.99,7.85,0.409,0.093,0.038,Apparel,High,Churned,FALSE,FALSE,TRUE,TRUE,UK,3,4,5
C0427,8/1/2023,8/5/2023,6/26/2024,493,3,0,0,130.39,43.46,0.125,Meta Ads,Meta_Prospecting,31.89,126.57,3.97,0.463,0.268,0.124,Home Decor,Mid,Churned,FALSE,FALSE,TRUE,TRUE,EU_Other,2,4,3
C0428,3/1/2024,3/20/2024,9/26/2024,401,6,0,0,371.15,61.86,0.161,Meta Ads,Meta_Retargeting,16.96,393.23,23.19,0.515,0.123,0.063,Home Decor,Mid,Churned,FALSE,FALSE,TRUE,TRUE,EU_Other,2,5,5
C0429,5/1/2025,5/25/2025,9/20/2025,42,2,2,0,115.33,57.66,0.075,Meta Ads,Meta_Retargeting,24.76,125.81,5.08,0.322,0.195,0.063,Skincare,Mid,Active,FALSE,TRUE,FALSE,TRUE,CA,5,3,3
C0430,6/1/2023,6/16/2023,4/12/2024,568,3,0,0,675.43,225.14,0.097,Referral,Referral_Program,7.25,846.65,116.78,0.025,0.233,0.006,Home Decor,Premium,Churned,FALSE,FALSE,TRUE,FALSE,UK,2,4,5
C0431,4/1/2023,4/1/2023,4/17/2023,929,3,0,0,438.8,146.27,0.061,Influencer,TikTok_Creator_Summer,42.99,206.35,4.8,0.892,0.158,0.141,Home Decor,High,Churned,FALSE,FALSE,TRUE,FALSE,CA,1,4,5
C0432,12/1/2024,12/14/2024,4/17/2025,198,3,0,0,106.3,35.43,0.076,Organic,SEO_Landing,11.06,114.5,10.35,0.226,0.2,0.045,Home Decor,Mid,Churned,FALSE,FALSE,TRUE,TRUE,EU_Other,3,4,3
C0433,2/1/2023,2/8/2023,12/8/2023,694,4,0,0,73.17,18.29,0.209,Organic,Direct_Organic,7.14,82.29,11.53,0.038,0.225,0.009,Apparel,Low,Churned,FALSE,FALSE,TRUE,TRUE,US,1,4,2
C0434,6/1/2023,6/22/2023,12/12/2023,690,1,0,0,70.14,70.14,0.029,Organic,SEO_Landing,5.64,86.95,15.42,0.09,0.06,0.005,Skincare,Mid,Churned,FALSE,FALSE,TRUE,TRUE,AU,1,2,2
C0435,10/1/2024,10/14/2024,2/3/2025,271,2,0,0,61.6,30.8,0.121,Meta Ads,Meta_Retargeting,22.89,60.21,2.63,0.454,0.308,0.14,Home Decor,Mid,Churned,FALSE,FALSE,TRUE,FALSE,UK,3,3,2
C0436,1/1/2025,1/23/2025,10/20/2025,12,1,1,1,236.23,236.23,0.08,Referral,Referral_VIP,11.89,323.04,27.17,0.138,0.167,0.023,Home Decor,Premium,New,TRUE,TRUE,FALSE,TRUE,IN,5,2,4
C0437,4/1/2024,4/20/2024,2/14/2025,260,2,0,0,80.09,40.04,0.27,Google Ads,Shopping_Campaign,39.63,70.17,1.77,0.456,0.294,0.134,Apparel,Mid,Churned,FALSE,FALSE,TRUE,TRUE,IN,3,3,2
C0438,3/1/2024,3/31/2024,8/4/2024,454,2,0,0,130.97,65.48,0.046,Google Ads,Generic_Search,42.3,120.43,2.85,0.386,0.125,0.048,Skincare,Mid,Churned,FALSE,FALSE,TRUE,TRUE,US,2,3,3
C0439,4/1/2025,4/8/2025,9/5/2025,57,3,3,0,159.59,53.2,0.087,Google Ads,Shopping_Campaign,43.88,162.54,3.7,0.464,0.096,0.045,Accessories,Mid,Active,FALSE,TRUE,FALSE,FALSE,CA,4,4,4
C0440,6/1/2025,6/13/2025,9/16/2025,46,7,1,0,97.37,13.91,0.262,Meta Ads,Meta_Retargeting,30.74,100.61,3.27,0.451,0.059,0.026,Apparel,Low,Active,FALSE,TRUE,FALSE,TRUE,CA,4,5,2
C0441,10/1/2025,10/21/2025,10/30/2025,2,3,1,1,421.22,140.41,0.041,Meta Ads,Meta_BF_Sale,21.31,498.76,23.4,0.457,0.133,0.061,Skincare,High,Active,TRUE,TRUE,FALSE,FALSE,EU_Other,5,4,5
C0442,1/1/2024,1/22/2024,4/4/2025,211,4,0,0,1160.14,290.04,0.064,Organic,SEO_Blog,10.32,1350.56,130.87,0.135,0.154,0.021,Home Decor,Premium,Churned,FALSE,FALSE,TRUE,FALSE,US,3,4,5
C0443,12/1/2023,12/14/2023,7/31/2024,458,2,0,0,98.14,49.07,0.061,Meta Ads,Meta_BF_Sale,23.75,99.03,4.17,0.269,0.237,0.064,Skincare,Mid,Churned,FALSE,FALSE,TRUE,TRUE,EU_Other,2,3,2
C0444,7/1/2023,7/9/2023,1/13/2024,658,3,0,0,314.89,104.96,0.062,Organic,SEO_Blog,3.82,286.37,74.97,0.265,0.338,0.089,Skincare,High,Churned,FALSE,FALSE,TRUE,TRUE,EU_Other,1,4,5
C0445,5/1/2024,5/19/2024,3/21/2025,225,1,0,0,18.76,18.76,0.074,Meta Ads,Meta_BF_Sale,31.82,18.11,0.57,0.277,0.265,0.073,Skincare,Mid,Churned,FALSE,FALSE,TRUE,FALSE,IN,3,2,1
C0446,4/1/2025,4/3/2025,10/26/2025,6,1,1,1,37.3,37.3,0.086,Google Ads,Generic_Search,20.96,30.57,1.46,0.366,0.153,0.056,Accessories,Low,New,TRUE,TRUE,FALSE,TRUE,EU_Other,5,2,1
C0447,7/1/2025,7/17/2025,9/8/2025,54,2,1,0,139.99,70,0.05,Meta Ads,Meta_Retargeting,33.04,153.88,4.66,0.208,0.257,0.053,Skincare,Mid,Active,FALSE,TRUE,FALSE,FALSE,EU_Other,4,3,3
C0448,7/1/2025,7/22/2025,9/2/2025,60,2,2,0,29.29,14.64,0.092,Google Ads,Brand_Search,31.54,22.94,0.73,0.478,0.24,0.115,Accessories,Low,Active,FALSE,TRUE,FALSE,TRUE,IN,4,3,1
C0449,5/1/2023,5/14/2023,7/28/2023,827,1,0,0,64.24,64.24,0.061,Organic,SEO_Landing,9.56,63.09,6.6,0.131,0.208,0.027,Home Decor,High,Churned,FALSE,FALSE,TRUE,TRUE,CA,1,2,2
C0450,2/1/2023,2/27/2023,4/26/2023,920,1,0,0,25.18,25.18,0.181,Meta Ads,Meta_Prospecting,28.19,22.05,0.78,0.28,0.275,0.077,Accessories,Mid,Churned,FALSE,FALSE,TRUE,FALSE,UK,1,2,1
C0451,11/1/2024,11/15/2024,5/29/2025,156,1,0,0,116.42,116.42,0.145,Organic,Direct_Organic,13.43,110.63,8.24,0.224,0.094,0.021,Home Decor,High,At-risk,FALSE,FALSE,FALSE,TRUE,AU,4,2,3
C0452,11/1/2024,11/2/2024,12/17/2024,319,7,0,0,1465.13,209.3,0.089,Google Ads,Generic_Search,35.92,1207.86,33.63,0.451,0.131,0.059,Home Decor,Premium,Churned,FALSE,FALSE,TRUE,TRUE,EU_Other,3,5,5
C0453,6/1/2023,6/22/2023,3/26/2024,585,2,0,0,79.39,39.7,0.14,Organic,SEO_Blog,9.21,99.58,10.81,0.295,0.165,0.049,Accessories,Mid,Churned,FALSE,FALSE,TRUE,FALSE,UK,2,3,2
C0454,3/1/2025,3/25/2025,6/28/2025,126,2,0,0,58.45,29.22,0.14,Referral,Referral_VIP,6,76.57,12.76,0.071,0.156,0.011,Apparel,Low,At-risk,FALSE,FALSE,FALSE,TRUE,IN,4,3,2
C0455,3/1/2023,3/21/2023,3/23/2023,954,1,0,0,57.87,57.87,0.072,Organic,SEO_Landing,7.78,69.1,8.88,0.132,0.071,0.009,Supplements,Mid,Churned,FALSE,FALSE,TRUE,TRUE,UK,1,2,2
C0456,6/1/2025,6/4/2025,8/29/2025,64,3,1,0,160.15,53.38,0.02,Meta Ads,Meta_Retargeting,18,179.2,9.96,0.431,0.229,0.099,Skincare,Mid,Active,FALSE,TRUE,FALSE,TRUE,AU,4,4,4
C0457,7/1/2023,7/22/2023,7/29/2023,826,1,0,0,142.77,142.77,0.01,Meta Ads,Meta_Retargeting,29.75,129.6,4.36,0.496,0.059,0.029,Supplements,High,Churned,FALSE,FALSE,TRUE,FALSE,UK,1,2,3
C0458,2/1/2025,2/2/2025,8/1/2025,92,1,0,0,84.92,84.92,0.055,Meta Ads,Meta_BF_Sale,25.24,98.08,3.89,0.416,0.066,0.027,Skincare,High,At-risk,FALSE,FALSE,FALSE,FALSE,UK,4,2,2
C0459,2/1/2023,2/16/2023,12/6/2023,696,2,0,0,144.78,72.39,0.062,Organic,Direct_Organic,10.2,138.25,13.55,0.21,0.067,0.014,Skincare,Mid,Churned,FALSE,FALSE,TRUE,TRUE,UK,1,3,3
C0460,10/1/2024,10/17/2024,4/2/2025,213,1,0,0,89.04,89.04,0.125,Meta Ads,Meta_BF_Sale,15.83,83.21,5.26,0.565,0.261,0.147,Home Decor,High,Churned,FALSE,FALSE,TRUE,FALSE,UK,3,2,2
C0461,4/1/2024,4/15/2024,10/27/2024,370,1,0,0,85.43,85.43,0.015,Google Ads,Generic_Search,22.12,79.85,3.61,0.303,0.182,0.055,Skincare,Mid,Churned,FALSE,FALSE,TRUE,FALSE,US,2,2,2
C0462,8/1/2025,8/28/2025,10/30/2025,2,1,1,1,43.2,43.2,0.038,Organic,Direct_Organic,10.74,40.66,3.79,0.039,0.137,0.005,Skincare,Mid,New,TRUE,TRUE,FALSE,TRUE,EU_Other,5,2,1
C0463,11/1/2025,11/1/2025,11/1/2025,0,1,1,1,23.79,23.79,0.125,Google Ads,Shopping_Campaign,21.8,23.6,1.08,0.448,0.321,0.144,Accessories,Low,New,TRUE,TRUE,FALSE,TRUE,IN,5,2,1
C0464,1/1/2025,1/5/2025,5/9/2025,176,1,0,0,59.35,59.35,0.025,Influencer,TikTok_Creator_Summer,32.85,35.23,1.07,0.4,0.228,0.091,Supplements,Mid,At-risk,FALSE,FALSE,FALSE,TRUE,AU,3,2,2
C0465,2/1/2025,2/22/2025,10/4/2025,28,2,2,1,49.83,24.92,0.181,Meta Ads,Meta_Retargeting,15.24,55.5,3.64,0.488,0.236,0.115,Accessories,Low,Active,TRUE,TRUE,FALSE,TRUE,IN,5,3,1
C0466,8/1/2025,8/25/2025,9/30/2025,32,5,1,0,330.8,66.16,0.018,Meta Ads,Meta_Retargeting,34.13,329.86,9.66,0.233,0.115,0.027,Skincare,Mid,Active,FALSE,TRUE,FALSE,TRUE,US,5,5,5
C0467,12/1/2023,12/24/2023,1/18/2024,653,3,0,0,108.3,36.1,0.113,Organic,Direct_Organic,11.06,105.31,9.52,0.075,0.3,0.022,Home Decor,Mid,Churned,FALSE,FALSE,TRUE,FALSE,US,1,4,3
C0468,8/1/2025,8/29/2025,9/26/2025,36,2,1,0,50.27,25.14,0.154,Google Ads,Generic_Search,28.83,49.96,1.73,0.285,0.196,0.056,Accessories,Low,Active,FALSE,TRUE,FALSE,TRUE,US,5,3,1
C0469,10/1/2024,10/29/2024,12/14/2024,322,1,0,0,28.33,28.33,0.089,Organic,Direct_Organic,4.45,28.35,6.37,0.28,0.241,0.068,Accessories,Low,Churned,FALSE,FALSE,TRUE,TRUE,EU_Other,3,2,1
C0470,1/1/2024,1/8/2024,9/21/2024,406,6,0,0,242.24,40.37,0.225,Google Ads,Brand_Search,28.74,217.13,7.55,0.459,0.187,0.086,Apparel,Mid,Churned,FALSE,FALSE,TRUE,TRUE,US,2,5,4
C0471,10/1/2025,10/28/2025,10/30/2025,2,2,1,1,120.94,60.47,0.085,Meta Ads,Meta_Retargeting,30.49,100.41,3.29,0.26,0.329,0.085,Skincare,Mid,Active,TRUE,TRUE,FALSE,TRUE,UK,5,3,3
C0472,11/1/2024,11/6/2024,2/3/2025,271,1,0,0,79.89,79.89,0.075,Influencer,TikTok_Creator_Summer,56.45,56.64,1,0.629,0.104,0.066,Home Decor,High,Churned,FALSE,FALSE,TRUE,TRUE,IN,3,2,2
C0473,3/1/2023,3/31/2023,2/12/2024,628,3,0,0,66.75,22.25,0.188,Influencer,IG_Influencer_Spring,37.41,48.92,1.31,0.551,0.065,0.036,Accessories,Low,Churned,FALSE,FALSE,TRUE,TRUE,CA,1,4,2
C0474,11/1/2024,11/28/2024,4/17/2025,198,1,0,0,20.79,20.79,0.133,Organic,SEO_Landing,2.61,21.86,8.38,0.14,0.306,0.043,Accessories,Low,Churned,FALSE,FALSE,TRUE,TRUE,AU,3,2,1
C0475,6/1/2024,6/23/2024,11/4/2024,362,2,0,0,340.87,170.44,0.089,Meta Ads,Meta_Retargeting,16.97,402.83,23.74,0.573,0.33,0.189,Home Decor,Premium,Churned,FALSE,FALSE,TRUE,TRUE,US,2,3,5
C0476,1/1/2025,1/1/2025,9/17/2025,45,2,2,0,155.44,77.72,0.049,Organic,Direct_Organic,9.9,194.25,19.62,0.038,0.165,0.006,Skincare,Mid,Active,FALSE,TRUE,FALSE,FALSE,IN,5,3,3
C0477,5/1/2025,5/18/2025,8/29/2025,64,5,2,0,174.76,34.95,0.162,Google Ads,Brand_Search,39.11,171.82,4.39,0.111,0.307,0.034,Apparel,Low,Active,FALSE,TRUE,FALSE,TRUE,US,4,5,4
C0478,2/1/2023,2/10/2023,6/23/2023,862,2,0,0,133.01,66.5,0.159,Meta Ads,Meta_Prospecting,20.3,144.38,7.11,0.344,0.239,0.082,Accessories,Mid,Churned,FALSE,FALSE,TRUE,TRUE,EU_Other,1,3,3
C0479,1/1/2025,1/9/2025,10/4/2025,28,4,2,1,77.93,19.48,0.259,Referral,Referral_Program,5.31,85.8,16.16,0.286,0.179,0.051,Apparel,Low,Active,TRUE,TRUE,FALSE,TRUE,US,5,4,2
C0480,5/1/2024,5/16/2024,11/25/2024,341,8,0,0,548.69,68.59,0.068,Meta Ads,Meta_BF_Sale,16.64,583.11,35.04,0.323,0.339,0.109,Supplements,Mid,Churned,FALSE,FALSE,TRUE,TRUE,US,2,5,5
C0481,8/1/2025,8/16/2025,9/27/2025,35,1,1,0,55.6,55.6,0.099,Referral,Referral_VIP,19.52,60.01,3.07,0.386,0.137,0.053,Skincare,Mid,Active,FALSE,TRUE,FALSE,TRUE,US,5,2,1
C0482,7/1/2025,7/17/2025,9/30/2025,32,1,1,0,56.72,56.72,0.065,Google Ads,Generic_Search,27.39,42.97,1.57,0.292,0.342,0.1,Supplements,Mid,Active,FALSE,TRUE,FALSE,TRUE,US,5,2,1
C0483,4/1/2024,4/5/2024,5/9/2025,176,2,0,0,111.55,55.78,0.052,Meta Ads,Meta_BF_Sale,30.38,133.84,4.41,0.202,0.174,0.035,Supplements,Mid,At-risk,FALSE,FALSE,FALSE,FALSE,AU,3,3,3
C0484,1/1/2025,1/1/2025,10/31/2025,1,2,1,1,166.92,83.46,0.034,Google Ads,Shopping_Campaign,35.62,158.4,4.45,0.14,0.203,0.028,Supplements,Mid,Active,TRUE,TRUE,FALSE,TRUE,IN,5,3,4
C0485,1/1/2025,1/21/2025,9/2/2025,60,2,2,0,290.1,145.05,0.059,Influencer,TikTok_Creator_Summer,45.28,178.55,3.94,0.412,0.172,0.071,Skincare,High,Active,FALSE,TRUE,FALSE,TRUE,EU_Other,4,3,4
C0486,7/1/2025,7/13/2025,9/1/2025,61,6,4,0,820.34,136.72,0.014,Organic,SEO_Blog,3.09,832.86,269.53,0.066,0.21,0.014,Skincare,High,Active,FALSE,TRUE,FALSE,FALSE,US,4,5,5
C0487,6/1/2025,6/27/2025,10/15/2025,17,4,3,3,394.99,98.75,0.147,Influencer,TikTok_Creator_Summer,34.86,277.27,7.95,0.898,0.29,0.261,Home Decor,High,Active,TRUE,TRUE,FALSE,FALSE,US,5,4,5
C0488,1/1/2024,1/25/2024,8/19/2024,439,3,0,0,147.39,49.13,0.189,Organic,SEO_Blog,9.23,135.57,14.69,0.254,0.241,0.061,Apparel,Mid,Churned,FALSE,FALSE,TRUE,TRUE,US,2,4,3
C0489,6/1/2025,6/1/2025,10/12/2025,20,2,2,1,121.78,60.89,0.104,Organic,Direct_Organic,11.62,114.21,9.83,0.012,0.112,0.001,Apparel,Mid,Active,TRUE,TRUE,FALSE,FALSE,US,5,3,3
C0490,9/1/2023,9/13/2023,4/12/2024,568,5,0,0,245.72,49.14,0.058,Influencer,IG_Influencer_Spring,55.76,102.32,1.84,0.863,0.16,0.138,Home Decor,Mid,Churned,FALSE,FALSE,TRUE,TRUE,UK,2,5,4
C0491,12/1/2024,12/9/2024,2/10/2025,264,7,0,0,1495.84,213.69,0.1,Meta Ads,Meta_BF_Sale,25.61,1495.34,58.39,0.241,0.261,0.063,Home Decor,Premium,Churned,FALSE,FALSE,TRUE,TRUE,UK,3,5,5
C0492,3/1/2024,3/25/2024,8/26/2024,432,5,0,0,460.2,92.04,0.051,Google Ads,Generic_Search,21.05,432.7,20.56,0.22,0.131,0.029,Supplements,High,Churned,FALSE,FALSE,TRUE,FALSE,CA,2,5,5
C0493,1/1/2023,1/10/2023,1/17/2024,654,1,0,0,115.47,115.47,0.11,Meta Ads,Meta_Retargeting,34.37,95.26,2.77,0.599,0.307,0.184,Home Decor,High,Churned,FALSE,FALSE,TRUE,TRUE,US,1,2,3
C0494,4/1/2025,4/3/2025,9/8/2025,54,3,1,0,30.04,10.01,0.143,Referral,Referral_VIP,16.98,38.71,2.28,0.163,0.344,0.056,Accessories,Low,Active,FALSE,TRUE,FALSE,TRUE,CA,4,4,1
C0495,3/1/2025,3/8/2025,10/28/2025,4,1,1,1,20.58,20.58,0.196,Referral,Referral_VIP,9.39,22.48,2.39,0.26,0.273,0.071,Apparel,Low,New,TRUE,TRUE,FALSE,TRUE,AU,5,2,1
C0496,5/1/2025,5/26/2025,9/17/2025,45,1,1,0,148.55,148.55,0.136,Meta Ads,Meta_BF_Sale,34.6,159.55,4.61,0.213,0.086,0.018,Home Decor,High,Active,FALSE,TRUE,FALSE,TRUE,CA,5,2,3
C0497,10/1/2025,10/25/2025,10/30/2025,2,1,1,1,69.28,69.28,0.083,Organic,SEO_Landing,9.03,89.56,9.92,0.19,0.32,0.061,Accessories,Mid,New,TRUE,TRUE,FALSE,TRUE,IN,5,2,2
C0498,10/1/2025,10/12/2025,10/31/2025,1,3,3,3,118.36,39.45,0.067,Referral,Referral_Program,13.74,151.08,11,0.249,0.09,0.023,Accessories,Low,Active,TRUE,TRUE,FALSE,TRUE,UK,5,4,3
C0499,1/1/2024,1/9/2024,12/23/2024,313,3,0,0,129.06,43.02,0.139,Meta Ads,Meta_Prospecting,29.96,148.84,4.97,0.246,0.303,0.075,Accessories,Mid,Churned,FALSE,FALSE,TRUE,FALSE,UK,3,4,3
C0500,5/1/2023,5/26/2023,12/27/2023,675,1,0,0,27.05,27.05,0.123,Organic,Direct_Organic,12.18,34.6,2.84,0.042,0.206,0.009,Accessories,Low,Churned,FALSE,FALSE,TRUE,FALSE,US,1,2,1
